epoch,train_loss,val_loss,train_accuracy,val_accuracy,train_precision_macro,val_precision_macro,train_recall_macro,val_recall_macro,train_f1_macro,val_f1_macro,train_balanced_accuracy,val_balanced_accuracy,train_mcc,val_mcc,train_kappa,val_kappa,epoch_time_sec
1,1.242645642997366,0.7087594176034981,0.49607423269093504,0.7236467236467237,0.5048543523049329,0.5591018390515688,0.49869925885255073,0.5014530643175144,0.49301850817171944,0.5119696587922586,0.49869925885255073,0.5014530643175144,0.3732345417228203,0.5589811142400412,0.36963492294389744,0.5496130696474635,299.8071587085724
2,0.9351573466914284,0.5968037989744094,0.6220556745182013,0.7435897435897436,0.6193131996812493,0.575573642008802,0.6259064636536729,0.6047466136212939,0.6213290449716119,0.5721265520214558,0.6259064636536729,0.6047466136212939,0.5280834113405469,0.6119934440741798,0.5275055604103877,0.605736109031002,268.02392864227295
3,0.82432689418289,0.5886077235566924,0.6802284082798001,0.7834757834757835,0.6762076958453271,0.6194780021214084,0.6776644035809765,0.6700198920147769,0.6761518403352096,0.627774316000573,0.6776644035809765,0.6700198920147769,0.600202383644182,0.6794965641388947,0.5998620407387834,0.6743413824254707,269.5652964115143
4,0.7578276083522146,0.6191609121031232,0.6912919343326196,0.7492877492877493,0.6867151838764913,0.5975333163568458,0.6881890812117728,0.6350487827981433,0.6866255331192528,0.58083029165956,0.6881890812117728,0.6350487827981433,0.6139109509771612,0.6320289837309647,0.6135906876460555,0.6200738007380073,266.92585945129395
5,0.7159809462518713,0.5808624500392848,0.7169878658101356,0.7606837606837606,0.7114915828681747,0.6265230476082404,0.7142633425624038,0.6430908402008145,0.7119678001044337,0.6096774360970547,0.7142633425624038,0.6430908402008145,0.6465119100100306,0.6456308537587497,0.6461034260494047,0.6364667587295325,269.9906167984009
6,0.6876834984935241,0.5848301066632284,0.7276945039257673,0.7635327635327636,0.7291414892153474,0.59484923802817,0.7333535562297072,0.6389154115752582,0.7310147021202151,0.5988585753978911,0.7333535562297072,0.6389154115752582,0.6594856333904245,0.6505515240889771,0.6593919856844093,0.6436635395134361,282.3282849788666
7,0.5978871407379516,0.582878497421232,0.7673090649536045,0.7977207977207977,0.7631657702969015,0.6513053599475309,0.764471337633596,0.6951179312304633,0.7633908558842056,0.6420991965868562,0.764471337633596,0.6951179312304633,0.709197569566469,0.7054200445097866,0.7089926474968709,0.6970054347165315,268.480521440506
8,0.5636767152375106,0.5404435954457335,0.7776588151320485,0.7977207977207977,0.7757420181418461,0.6430028496865344,0.7790978685312642,0.671351709766032,0.7771052469264771,0.6430424981482811,0.7790978685312642,0.671351709766032,0.7220597651971433,0.6963405851929994,0.7219030911339193,0.6917739601499017,268.6652338504791
9,0.5282867895884653,0.5963648161147734,0.797644539614561,0.8091168091168092,0.7957638808987453,0.6994230331198409,0.7971334688073985,0.685934451075116,0.7962699042748038,0.6622797118501561,0.7971334688073985,0.685934451075116,0.7471076679401644,0.7146784952781723,0.7470199808059679,0.7095375722543352,273.32076930999756
10,0.47935219384533095,0.5712503157025389,0.8115631691648822,0.8148148148148148,0.8102114762039264,0.6614623394570469,0.8111968399685587,0.6791759022449559,0.8105829554663666,0.6587870259521388,0.8111968399685587,0.6791759022449559,0.764457487473087,0.7231162628842148,0.7644018527371442,0.7192449208126699,269.6371819972992
11,0.45369457777358224,0.7296838514145962,0.8294075660242684,0.7806267806267806,0.8235269927819198,0.6446161880944489,0.8248764685276386,0.648504309936535,0.8238014048357334,0.615984384091801,0.8248764685276386,0.648504309936535,0.7867431247176808,0.6793090192161448,0.7865522886779911,0.669604655142906,268.27308225631714
12,0.4331998356659867,0.6600267513949647,0.8383297644539615,0.7863247863247863,0.836536746485567,0.6415487211756158,0.8390866229096838,0.5985658804584635,0.8375458546504202,0.5932018036189307,0.8390866229096838,0.5985658804584635,0.7980231547202253,0.6761024554517272,0.7978814676669201,0.6714713590415575,269.714182138443
13,0.3930240027994705,0.7322313697674335,0.8551034975017845,0.8062678062678063,0.8534299180112154,0.6910178531146273,0.8544973214974114,0.6637027564649048,0.8537794078300763,0.6555438816890742,0.8544973214974114,0.6637027564649048,0.8189586925702858,0.7090271834300991,0.8188645429650013,0.7038084955883995,268.2717926502228
14,0.3860580836935268,0.6482860330821272,0.8540328336902213,0.8062678062678063,0.8538699111555388,0.6575737100137214,0.8540667139770871,0.6637074926588993,0.8538452108903423,0.648007735987038,0.8540667139770871,0.6637074926588993,0.8175162723131587,0.709739562327991,0.8174516652734168,0.7058816280760558,274.15419340133667
15,0.35106683011398754,0.6442187586825797,0.8765167737330478,0.8034188034188035,0.874785840810221,0.648428834102593,0.8758140074043201,0.6541119636260302,0.8751521776198423,0.6367007396718166,0.8758140074043201,0.6541119636260302,0.8456819825294566,0.7013976405804673,0.8456070995521534,0.6992101145085571,265.49850368499756
16,0.3549266921291174,0.6577010694944281,0.8643825838686653,0.8262108262108262,0.8628535613576169,0.7073597455176402,0.865050171335565,0.7057364781661456,0.8636002473156632,0.6910128346030123,0.865050171335565,0.7057364781661456,0.8306718953299314,0.7380027740155556,0.8304907197824188,0.734311985804162,269.08621072769165
17,0.31101453802059753,0.6779277801004231,0.8854389721627409,0.8176638176638177,0.8849762127078591,0.6905926076909814,0.8853474556513017,0.6955015629440182,0.8849263900977702,0.6762798395217826,0.8853474556513017,0.6955015629440182,0.8568247341526098,0.72331065828149,0.8567134590980156,0.7209198315381462,271.912068605423
18,0.31048057753217806,0.7147023617542028,0.8900785153461813,0.8319088319088319,0.8907520402010455,0.717149748263289,0.8912844970514519,0.6579719617315525,0.8909245929674169,0.6682371400511966,0.8912844970514519,0.6579719617315525,0.8626370175385467,0.7411445445928333,0.8625881199043708,0.7387733992633332,272.40992641448975
19,0.2932830309544522,0.7993817695673884,0.8950749464668094,0.7948717948717948,0.8928532081937505,0.6449383949383949,0.8931936441677222,0.6186047172492186,0.892893616904751,0.6176366307560051,0.8931936441677222,0.6186047172492186,0.8688585249484448,0.6873451353667358,0.8687966576584497,0.6846557941627882,267.806529045105
20,0.2568249880501749,0.6848609508346883,0.9082798001427552,0.8091168091168092,0.9082803597972188,0.6562820512820512,0.9093146659000084,0.6852761201098796,0.9084635438464994,0.6578750199266699,0.9093146659000084,0.6852761201098796,0.8855207897721933,0.712197482271095,0.8853477933581028,0.7097419187618025,268.6810293197632
21,0.24441615546881343,0.6493811537179979,0.9122055674518201,0.8262108262108262,0.9118047623861937,0.6890821578345406,0.9118268939344587,0.669329354930378,0.9117537216849068,0.6705858443157798,0.9118268939344587,0.669329354930378,0.8902811464634953,0.7336745657090002,0.8902503858317702,0.7321716723165255,267.9927077293396
22,0.24511996471056505,0.743143181600462,0.9168451106352605,0.8005698005698005,0.9157213827412007,0.6782567806739077,0.9156349440375686,0.6541261722080136,0.9155080267438827,0.6441018500336462,0.9156349440375686,0.6541261722080136,0.8960749520212169,0.7026902355727376,0.8959958466265868,0.6962353959324967,266.8211147785187
23,0.21963330018443775,0.6601364826412071,0.9246966452533905,0.8376068376068376,0.924063312314819,0.6962748250527963,0.9244968089103214,0.6764952164440656,0.9240703677803775,0.6791952073362332,0.9244968089103214,0.6764952164440656,0.9059695433980763,0.7506781478998616,0.9058645238374256,0.7497247935951964,266.85455989837646
24,0.22759529562144515,0.7055200857144815,0.917558886509636,0.8319088319088319,0.9174450375987167,0.7121617431502988,0.9179864817530208,0.6684389504594108,0.9175752314215009,0.6774599490495474,0.9179864817530208,0.6684389504594108,0.8969986561735481,0.7408553587676949,0.8969256628444805,0.7395454716957401,267.5740740299225
25,0.22510912967613134,0.7448756998866541,0.9221984296930764,0.8290598290598291,0.9223000128002188,0.7384153005464482,0.9226658252395555,0.7236156104954059,0.9224225883044321,0.7149667741784069,0.9226658252395555,0.7236156104954059,0.9027359106386857,0.7450088874098413,0.9027067216964604,0.7400545564511152,265.5706331729889
26,0.20236815961821006,0.8297158809766131,0.9246966452533905,0.8347578347578347,0.9236533613433698,0.7354212771069862,0.9239116078522803,0.7264289097281424,0.9236188662647831,0.7087785745450477,0.9239116078522803,0.7264289097281424,0.9059047692975476,0.7550036634915532,0.9058251027610281,0.749310412767215,265.1081748008728
27,0.1980218708110996,0.7236963441685649,0.926481084939329,0.8319088319088319,0.9266029675026395,0.7203981673641117,0.9274152851695957,0.6721426541631146,0.9269216743646969,0.677703199619582,0.9274152851695957,0.6721426541631146,0.9080989280706285,0.7413559284042677,0.9080537915553337,0.7396437057618084,275.7727870941162
28,0.1934942946018788,0.7190717074786581,0.9329050678087081,0.8347578347578347,0.9331295385529511,0.72378638812777,0.9332936698254418,0.6765046888320546,0.9331958790087465,0.6774335319189411,0.9332936698254418,0.6765046888320546,0.9161317056159541,0.7486517357259997,0.9161239740322769,0.7460044166635476,268.9305591583252
29,0.18158697084305034,0.7535049210347639,0.9375446109921485,0.8404558404558404,0.9381791820840671,0.7610807209978481,0.9382423545223514,0.6660282277162073,0.9380667297196629,0.6892276639803352,0.9382423545223514,0.6660282277162073,0.9219821795607159,0.7535408745450891,0.9219093517831216,0.7513724101292723,271.7956283092499
30,0.177603410449222,0.8096309144665458,0.9386152748037117,0.8461538461538461,0.9377252335523212,0.7611738316349168,0.9376284614293627,0.6852003410059676,0.9376244445577033,0.6982959248284635,0.9376284614293627,0.6852003410059676,0.923254521442679,0.7642391565276907,0.9232299541189924,0.7617377531394954,266.03142619132996
31,0.16801993228723797,0.7683838079457949,0.9411134903640257,0.8376068376068376,0.9410882319871299,0.7497739101370386,0.9412563905663294,0.6549171166050962,0.9410827651964742,0.6739275847200714,0.9412563905663294,0.6549171166050962,0.9264305030935965,0.7502904747776116,0.9263852151998059,0.747813043587869,265.40001344680786
32,0.16067974564541587,0.8569519273217693,0.9396859386152748,0.8290598290598291,0.938909772721086,0.7214904490391445,0.9387197846921884,0.6558075210760632,0.9387191500581495,0.6665266539918351,0.9387197846921884,0.6558075210760632,0.9246266710396337,0.7382860741918222,0.9245817489737331,0.7359975931404503,265.4049665927887
33,0.17255409609667324,0.8086607739584059,0.9361170592433976,0.8290598290598291,0.9359863000896012,0.7237309008587353,0.9361490584942697,0.6527574121436014,0.9360349560062481,0.658432540492179,0.9361490584942697,0.6527574121436014,0.9201359510927761,0.7385974204187834,0.9201195376801861,0.7355733011902968,273.9067475795746
34,0.14214924342669732,0.8233881914945707,0.949678800856531,0.8433048433048433,0.9498384320283298,0.7698368529416684,0.9496920390404912,0.6719105806573837,0.9497263467899419,0.6925830750387172,0.9496920390404912,0.6719105806573837,0.9370742105121552,0.7586850080681572,0.9370550957902264,0.7563269170085201,270.07320618629456
35,0.15858044005201852,0.8112481167470967,0.9446823697359029,0.8347578347578347,0.9451048045301451,0.7295404671675858,0.9447170023056806,0.6387591171734394,0.9448695431800426,0.6429775751417983,0.9447170023056806,0.6387591171734394,0.9308246187734914,0.74754412230928,0.930804144709212,0.7429934858354794,259.87258076667786
36,0.12968880544382705,0.7507968578285981,0.9561027837259101,0.8433048433048433,0.9564595607118672,0.7542941323686666,0.956445458532863,0.6897849767926495,0.9564483906520944,0.7037969826217786,0.956445458532863,0.6897849767926495,0.9451217512510826,0.7593158407171552,0.9451196442265801,0.7575022924543707,265.93056201934814
37,0.14419233696874256,0.6895795924366157,0.9457530335474661,0.8518518518518519,0.9460992221890752,0.7603826945412311,0.945703750995375,0.7067642322629535,0.9458516595962381,0.7228255813953488,0.945703750995375,0.7067642322629535,0.9322084751760684,0.7717271200380843,0.9321829435096709,0.7704814959194195,267.3304514884949
38,0.1401999122665917,0.8135253942208073,0.9507494646680942,0.8660968660968661,0.9509209133343157,0.7861438154460035,0.9513825651560349,0.6877720943449843,0.950882059482024,0.7120961077103243,0.9513825651560349,0.6877720943449843,0.9385545886081601,0.7950027922070381,0.9384172195313143,0.790984073891064,269.921772480011
39,0.11934034877339063,0.8575934148645639,0.9546752319771592,0.8433048433048433,0.9546609954843627,0.7537250051162963,0.954644576676648,0.6934886804963531,0.9545861475788693,0.705005569461887,0.954644576676648,0.6934886804963531,0.9433711288598063,0.7598101293146645,0.9433383818954909,0.7577639751552795,262.33078503608704
40,0.14055564785529084,0.7922524619526482,0.949678800856531,0.8461538461538461,0.9500950080849282,0.7577580028666986,0.9500963560083058,0.7083082315051624,0.9500944865493957,0.7187679063857644,0.9500963560083058,0.7083082315051624,0.93708407046237,0.7638022085967762,0.937083473539059,0.7621205085405188,269.23284935951233
41,0.11352149029657893,0.9414390332763352,0.9646680942184154,0.8319088319088319,0.9644278084931145,0.7036024828062287,0.9644563867492391,0.6259410817467083,0.9643888067827915,0.6301652063600953,0.9644563867492391,0.6259410817467083,0.9558456513550173,0.74076910635807,0.9558177908736163,0.7380563882669904,269.84621500968933
42,0.14107186862298798,0.9178856035874907,0.953604568165596,0.8205128205128205,0.9536616463370807,0.6977995738898343,0.9537249245957407,0.6388187932177702,0.9536500211236314,0.6468960578713048,0.9537249245957407,0.6388187932177702,0.9420212663001166,0.7231725817961606,0.9419998168884572,0.7208588957055215,274.65231919288635
43,0.12137586637788973,0.7959402910622096,0.9553890078515346,0.8404558404558404,0.9553428691138042,0.718625447112928,0.9556973066329956,0.6675485459884436,0.9554119854175017,0.6820734820734821,0.9556973066329956,0.6675485459884436,0.9442862091935125,0.7537397065992645,0.944231028279526,0.7523123062577182,271.96112036705017
44,0.11021838223908648,0.9001475294728225,0.960028551034975,0.811965811965812,0.9599712188068859,0.6925687099997705,0.9597645984596092,0.6412437245429572,0.9598437941125034,0.6422752380912417,0.9597645984596092,0.6412437245429572,0.9500355634030798,0.7136789200209896,0.9500234575580634,0.7103163686382394,270.14005947113037
45,0.1045764180473308,0.9162939293761114,0.9596716630977873,0.8091168091168092,0.9598565032458181,0.679654356907173,0.9596847401273351,0.6100700956711187,0.9597095360785299,0.6196321364123449,0.9596847401273351,0.6100700956711187,0.9496091302795188,0.7035450546132948,0.9495787319343933,0.7013221230171329,269.9771935939789
46,0.11651239110998474,0.8787984299311611,0.9593147751605996,0.8319088319088319,0.9592079961472517,0.7434641675715599,0.959351762713256,0.6821521265511036,0.9592691257400228,0.6957633921680513,0.959351762713256,0.6821521265511036,0.9491349790158927,0.7427141973924413,0.9491299904654962,0.7409691299344574,276.2340223789215
47,0.10243763073981021,0.800604814177968,0.9589578872234118,0.8433048433048433,0.9592853142843276,0.736024008994306,0.9592637909038025,0.6845467462347258,0.9592486845406786,0.694898149754981,0.9592637909038025,0.6845467462347258,0.9487012531457772,0.7587614374654366,0.9486881096004016,0.7570475711049585,271.08416533470154
48,0.11472963617528276,0.7118017498186213,0.9582441113490364,0.8518518518518519,0.9586105904161197,0.7657607779285737,0.9584512259862177,0.6993568248555461,0.9585068243416469,0.7219819527540021,0.9584512259862177,0.6993568248555461,0.9478042379446078,0.7705476106245288,0.9477921623746974,0.7694144400227402,274.2298457622528
49,0.11705882844118286,0.7574653208913796,0.9578872234118487,0.8347578347578347,0.9577062787155228,0.7418553213635181,0.9577118490676018,0.6542635218338543,0.9577012835782458,0.6802356391834934,0.9577118490676018,0.6542635218338543,0.947356445237832,0.7431887116585347,0.9473526739971068,0.7414167587547156,270.185843706131
50,0.10930672859630781,0.8672454426240208,0.9593147751605996,0.8290598290598291,0.9593483226507569,0.7220027256388293,0.9593398022823345,0.6610410154399925,0.9593145533829027,0.6763519839648962,0.9593398022823345,0.6610410154399925,0.9491498301132477,0.7353821861903143,0.9491357740819963,0.7339330158048336,270.40271496772766
