train_loss,train_accuracy,val_loss,val_accuracy,val_weighted_precision,val_weighted_recall,val_weighted_f1,val_macro_f1,epoch_time_sec
0.8726026931734822,0.5341684064022268,1.0362251243020735,0.6495726495726496,0.7318414204081481,0.6495726495726496,0.612886216697589,0.4448789553612296,296.47491550445557
0.5704528059989277,0.6978427279053584,0.9530190397531558,0.7065527065527065,0.7885549892863463,0.7065527065527065,0.6923444917139747,0.5335424613400379,288.4830410480499
0.41926513829825235,0.7699373695198329,1.015828462068172,0.7464387464387464,0.7990010452799698,0.7464387464387464,0.7432824168862199,0.5713705642920657,283.44296979904175
0.3217509010888341,0.8132219902574809,0.9114467226541959,0.7464387464387464,0.7785190742105952,0.7464387464387464,0.7475141221739748,0.5807472653891981,284.0397334098816
0.26836728300580404,0.8501043841336117,1.242121956626914,0.7435897435897436,0.764506669294631,0.7435897435897436,0.7384854416574822,0.5605146980076079,282.8928744792938
0.24158894181583354,0.8662491301322199,1.1441317783971119,0.7777777777777778,0.8153749581687586,0.7777777777777778,0.786174128009214,0.6194158755125271,283.55477929115295
0.1920271745886169,0.8881002087682672,1.301192074419766,0.7749287749287749,0.8043858906115021,0.7749287749287749,0.7792890598125858,0.618387912224531,283.747793674469
0.17758075684080873,0.8997912317327766,1.2285023732402724,0.7720797720797721,0.807199543096979,0.7720797720797721,0.7779736310730704,0.6102469806656641,284.7993025779724
0.17133803387317048,0.9070285316631872,1.419840106257686,0.7635327635327636,0.796265549125961,0.7635327635327636,0.7655057316869179,0.5714978662988873,282.82328844070435
0.14184987379306707,0.920250521920668,1.2444570301434932,0.7834757834757835,0.7994747734517557,0.7834757834757835,0.7839646610611903,0.6219925896547482,282.54969906806946
0.14124785000944437,0.9219206680584551,1.3034033305794426,0.7720797720797721,0.7952705414243876,0.7720797720797721,0.7753891465144119,0.6060078491925627,281.3980209827423
0.12419074675899126,0.9302713987473904,1.4630660623142182,0.7891737891737892,0.8043470607359496,0.7891737891737892,0.7925479402798411,0.6086220840759047,284.474059343338
0.12567639428248567,0.9329157967988866,1.3937314839614423,0.8091168091168092,0.8177947996715739,0.8091168091168092,0.8113805891187456,0.6523419263357454,282.7755000591278
0.11106904140967168,0.9404314544189283,1.412371139071266,0.8176638176638177,0.8238020626690964,0.8176638176638177,0.8177103865565879,0.6699931861763572,283.54726099967957
0.11051280952590824,0.9377870563674322,1.580483269148063,0.7720797720797721,0.7799189198874734,0.7720797720797721,0.7714721012784209,0.57272126028575,283.2980315685272
0.09645747727738459,0.9511482254697285,1.4502131786526438,0.7578347578347578,0.7866687539847629,0.7578347578347578,0.7679387650822053,0.6082812254058938,284.4275586605072
0.10117482188402072,0.9473903966597077,1.653782655031253,0.8062678062678063,0.8198241502934167,0.8062678062678063,0.8095570714800352,0.6535775225375471,284.1057562828064
0.08714976133824058,0.9537926235212247,1.5618220326992183,0.7806267806267806,0.7825177601213436,0.7806267806267806,0.7795065306027773,0.6036519519128214,301.3345937728882
0.09122238849745332,0.955045233124565,1.5740086730898615,0.7692307692307693,0.7780945380099266,0.7692307692307693,0.7704575086290362,0.5755188765830298,289.7182457447052
0.09302779636089803,0.9542101600556715,1.7820116567645656,0.8233618233618234,0.820648222416382,0.8233618233618234,0.820814098766032,0.6581710693309439,287.22392439842224
0.07814401737210148,0.9610299234516354,1.9657965409450042,0.8062678062678063,0.8220220435054194,0.8062678062678063,0.808305367857481,0.6351330623514072,286.67435574531555
0.07547223426183852,0.9603340292275574,1.5863478121339765,0.8233618233618234,0.8188200896377941,0.8233618233618234,0.8203926325812259,0.6587270147464686,285.188232421875
0.07116527283744382,0.965205288796103,1.5996826705429967,0.8205128205128205,0.8196322373328163,0.8205128205128205,0.8192416442708248,0.6608865320070675,287.03517174720764
0.07303788845862211,0.9606123869171885,1.8214818388648182,0.792022792022792,0.7977532325172368,0.792022792022792,0.7919946019815757,0.6246501733746347,296.5522303581238
0.07671565899681157,0.9593597773138482,1.4196663928931934,0.811965811965812,0.823533682341253,0.811965811965812,0.8160142605793029,0.6696000968078135,284.08268213272095
0.07062042356392909,0.9646485734168406,1.4734988168646128,0.7977207977207977,0.8189209795130298,0.7977207977207977,0.8051505685120699,0.6411503047368396,288.2343099117279
0.07533966659327804,0.9613082811412665,1.6153170699067945,0.8034188034188035,0.8020360894962872,0.8034188034188035,0.8013425125628917,0.6311065498484849,287.7708706855774
0.05019052601979997,0.974669450243563,1.9523321984500288,0.7977207977207977,0.7973727738433621,0.7977207977207977,0.7936405364937552,0.6148216584667952,287.43685030937195
0.05884565979063449,0.9681280445372303,1.7972137804894026,0.8091168091168092,0.8053019900560884,0.8091168091168092,0.8056813029082139,0.6322226852416304,287.46149349212646
0.05859767902297698,0.9704940848990954,1.6556878770009065,0.8176638176638177,0.8251744452233023,0.8176638176638177,0.8200395047042569,0.6505660655463111,283.766077041626
0.08054880845485542,0.962839248434238,1.5915455604210877,0.7977207977207977,0.7975975217845925,0.7977207977207977,0.796216388911776,0.6420273324901613,287.3917143344879
0.08589407113136396,0.9593597773138482,1.961873520813097,0.7891737891737892,0.7900045566712234,0.7891737891737892,0.7879799038995546,0.6265976637317661,287.77035331726074
0.06962563431119868,0.9667362560890744,2.0291655127733863,0.7977207977207977,0.7887822835786636,0.7977207977207977,0.7923821788674231,0.6152926204818939,287.47413063049316
0.04403932793629754,0.9766179540709812,1.8776878358801545,0.8148148148148148,0.8127717581724807,0.8148148148148148,0.812450677002346,0.6389218231496057,284.99242424964905
0.04594056301451468,0.9785664578983995,2.1196416078130063,0.8091168091168092,0.8248454779370368,0.8091168091168092,0.8088092847469803,0.6547704894966759,296.50552797317505
0.07028302935443989,0.9622825330549757,1.6181394683669434,0.7834757834757835,0.8058354334348476,0.7834757834757835,0.7923228821512418,0.6290938923522835,286.28678584098816
0.03906673386591897,0.9792623521224774,1.9044289312131724,0.7777777777777778,0.7871815700448516,0.7777777777777778,0.7791599778828926,0.602963349144804,284.4904544353485
0.05841446485572605,0.9704940848990954,1.6846371911190174,0.7977207977207977,0.8153197352979183,0.7977207977207977,0.8035609886497461,0.6287945900253591,284.17804050445557
0.05967356213430045,0.9686847599164927,1.7696737675924925,0.8148148148148148,0.813931740799867,0.8148148148148148,0.8127843436525589,0.6360777773257944,285.950186252594
0.052982478775732124,0.9728601252609603,1.8188150981892208,0.7948717948717948,0.7909371376017695,0.7948717948717948,0.7923940357075983,0.5962133883285737,285.8110647201538
0.04373925471161191,0.979401530967293,1.7760591954417377,0.792022792022792,0.7929701498738773,0.792022792022792,0.791190834727927,0.6188515277494567,283.005818605423
0.05373551289297552,0.9741127348643006,1.9824860242866722,0.7606837606837606,0.7788484213611547,0.7606837606837606,0.7653097851486294,0.5750853391614713,282.91917419433594
0.051092388298072146,0.9736951983298539,1.7544594645245462,0.8091168091168092,0.8154908501768404,0.8091168091168092,0.8107754291500777,0.650040839559112,282.1557192802429
0.057540401381880525,0.9721642310368824,2.2327640491333445,0.8062678062678063,0.7990151018152973,0.8062678062678063,0.8021186914732825,0.6289896104552695,281.4029860496521
0.04209227996237353,0.9788448155880306,1.7716042898659012,0.8005698005698005,0.8122881983345324,0.8005698005698005,0.8048990278163893,0.6386286583664295,282.1708257198334
0.04225341879316167,0.9816283924843424,2.1437493012501645,0.7948717948717948,0.7949695874785891,0.7948717948717948,0.7938969200549623,0.6144029047126651,283.4589078426361
0.037065436682361196,0.9813500347947112,1.8566330372438131,0.8091168091168092,0.8199613441694891,0.8091168091168092,0.812775937985521,0.6402447936180956,284.62227272987366
0.062103427938077396,0.969241475295755,2.038426351343465,0.792022792022792,0.7993327585397734,0.792022792022792,0.7908392702273733,0.6168274316148142,283.021999835968
0.04245706689138958,0.9782881002087682,1.9429301655190623,0.8005698005698005,0.7944384632905169,0.8005698005698005,0.7964662186144692,0.6432018840796438,282.0067675113678
0.051061788497579516,0.9760612386917189,2.1839068776521926,0.7720797720797721,0.7803858692747582,0.7720797720797721,0.7722256966159405,0.5886178861788618,283.3702564239502
