path,true_label,true_class,predicted_label,predicted_class,confidence,prob_No_DR,prob_Mild,prob_Moderate,prob_Severe,prob_Proliferative_DR
/kaggle/input/datasets/samjohnstonc/ddr-prepared/data/organized/ddr/test/0_No_DR/007-0013-000.jpg,0,No_DR,2,Moderate,0.82169735,0.1763703,0.0019120863,0.82169735,1.558703e-05,4.7260837e-06
/kaggle/input/datasets/samjohnstonc/ddr-prepared/data/organized/ddr/test/0_No_DR/007-0025-000.jpg,0,No_DR,1,Mild,0.45858768,0.43987265,0.45858768,0.10151874,7.5156026e-06,1.3457326e-05
/kaggle/input/datasets/samjohnstonc/ddr-prepared/data/organized/ddr/test/0_No_DR/007-0195-000.jpg,0,No_DR,1,Mild,0.86432683,0.11489822,0.86432683,0.020768922,2.693529e-06,3.4029856e-06
/kaggle/input/datasets/samjohnstonc/ddr-prepared/data/organized/ddr/test/0_No_DR/007-0455-000.jpg,0,No_DR,2,Moderate,0.5091247,0.47828293,0.011387257,0.5091247,9.185544e-06,0.001195949
/kaggle/input/datasets/samjohnstonc/ddr-prepared/data/organized/ddr/test/0_No_DR/007-0531-000.jpg,0,No_DR,2,Moderate,0.69401145,0.29722378,0.008760058,0.69401145,5.337751e-08,4.661387e-06
/kaggle/input/datasets/samjohnstonc/ddr-prepared/data/organized/ddr/test/0_No_DR/007-0628-000.jpg,0,No_DR,2,Moderate,0.3853214,0.31139016,0.30063382,0.3853214,0.0026394818,1.5178683e-05
/kaggle/input/datasets/samjohnstonc/ddr-prepared/data/organized/ddr/test/0_No_DR/007-0648-000.jpg,0,No_DR,2,Moderate,0.96751904,0.03237886,7.0731614e-05,0.96751904,8.6738254e-07,3.0473235e-05
/kaggle/input/datasets/samjohnstonc/ddr-prepared/data/organized/ddr/test/0_No_DR/007-0672-000.jpg,0,No_DR,1,Mild,0.76302457,0.18935896,0.76302457,0.047612473,1.3568649e-07,3.9126935e-06
/kaggle/input/datasets/samjohnstonc/ddr-prepared/data/organized/ddr/test/0_No_DR/007-1017-000.jpg,0,No_DR,2,Moderate,0.43952012,0.33570203,0.22398081,0.43952012,0.00024074425,0.00055623025
/kaggle/input/datasets/samjohnstonc/ddr-prepared/data/organized/ddr/test/0_No_DR/007-1037-000.jpg,0,No_DR,2,Moderate,0.6170829,0.381558,0.0010243622,0.6170829,4.42578e-06,0.0003303824
/kaggle/input/datasets/samjohnstonc/ddr-prepared/data/organized/ddr/test/0_No_DR/007-1072-000.jpg,0,No_DR,2,Moderate,0.5740477,0.41789597,0.008041738,0.5740477,1.4336096e-06,1.3095463e-05
/kaggle/input/datasets/samjohnstonc/ddr-prepared/data/organized/ddr/test/0_No_DR/007-1105-000.jpg,0,No_DR,2,Moderate,0.97586584,0.01540918,0.005113247,0.97586584,8.358445e-05,0.0035281586
/kaggle/input/datasets/samjohnstonc/ddr-prepared/data/organized/ddr/test/0_No_DR/007-1122-000.jpg,0,No_DR,4,Proliferative_DR,0.5573895,0.4075739,0.0014168627,0.03322087,0.00039885138,0.5573895
/kaggle/input/datasets/samjohnstonc/ddr-prepared/data/organized/ddr/test/0_No_DR/007-1123-000.jpg,0,No_DR,1,Mild,0.57118887,0.41108906,0.57118887,0.017708423,1.3172708e-05,5.0613835e-07
/kaggle/input/datasets/samjohnstonc/ddr-prepared/data/organized/ddr/test/0_No_DR/007-1202-000.jpg,0,No_DR,1,Mild,0.95333976,0.0130480435,0.95333976,0.033611093,1.1058542e-06,2.4877127e-09
/kaggle/input/datasets/samjohnstonc/ddr-prepared/data/organized/ddr/test/0_No_DR/007-1260-000.jpg,0,No_DR,1,Mild,0.48223948,0.47739834,0.48223948,0.040199406,0.00015791708,4.9123164e-06
/kaggle/input/datasets/samjohnstonc/ddr-prepared/data/organized/ddr/test/0_No_DR/007-1302-000.jpg,0,No_DR,1,Mild,0.49124283,0.4768058,0.49124283,0.031949926,4.7392032e-07,9.943716e-07
/kaggle/input/datasets/samjohnstonc/ddr-prepared/data/organized/ddr/test/0_No_DR/007-1378-000.jpg,0,No_DR,2,Moderate,0.6945627,0.30269027,0.0024080023,0.6945627,1.1110665e-06,0.00033794527
/kaggle/input/datasets/samjohnstonc/ddr-prepared/data/organized/ddr/test/0_No_DR/007-1488-000.jpg,0,No_DR,2,Moderate,0.6598511,0.23659953,0.0005636899,0.6598511,0.0008681651,0.10211757
/kaggle/input/datasets/samjohnstonc/ddr-prepared/data/organized/ddr/test/0_No_DR/007-1524-000.jpg,0,No_DR,1,Mild,0.71480083,0.28244337,0.71480083,0.0026670448,1.9627825e-08,8.875815e-05
/kaggle/input/datasets/samjohnstonc/ddr-prepared/data/organized/ddr/test/0_No_DR/007-1554-000.jpg,0,No_DR,1,Mild,0.4790291,0.35859165,0.4790291,0.1573489,0.0025804741,0.002449862
/kaggle/input/datasets/samjohnstonc/ddr-prepared/data/organized/ddr/test/0_No_DR/007-1719-000.jpg,0,No_DR,1,Mild,0.9404949,0.034724087,0.9404949,0.018650066,0.005973476,0.00015743414
/kaggle/input/datasets/samjohnstonc/ddr-prepared/data/organized/ddr/test/0_No_DR/007-1725-000.jpg,0,No_DR,1,Mild,0.8273229,0.007279448,0.8273229,0.1611846,0.0013969584,0.002816167
/kaggle/input/datasets/samjohnstonc/ddr-prepared/data/organized/ddr/test/0_No_DR/007-1740-000.jpg,0,No_DR,1,Mild,0.58306885,0.1768218,0.58306885,0.22561586,0.013567494,0.000925991
/kaggle/input/datasets/samjohnstonc/ddr-prepared/data/organized/ddr/test/0_No_DR/007-1746-000.jpg,0,No_DR,2,Moderate,0.8507999,0.14823924,0.0009554508,0.8507999,4.9342448e-06,5.138454e-07
/kaggle/input/datasets/samjohnstonc/ddr-prepared/data/organized/ddr/test/0_No_DR/007-1849-100.jpg,0,No_DR,1,Mild,0.74073803,0.06643583,0.74073803,0.17247975,0.0007755183,0.019570857
/kaggle/input/datasets/samjohnstonc/ddr-prepared/data/organized/ddr/test/0_No_DR/007-1930-100.jpg,0,No_DR,1,Mild,0.41362876,0.1854974,0.41362876,0.4002316,0.0006403466,1.8047152e-06
/kaggle/input/datasets/samjohnstonc/ddr-prepared/data/organized/ddr/test/0_No_DR/007-1993-100.jpg,0,No_DR,2,Moderate,0.7665851,0.23254336,1.9705178e-06,0.7665851,0.0005992305,0.0002703184
/kaggle/input/datasets/samjohnstonc/ddr-prepared/data/organized/ddr/test/0_No_DR/007-2162-100.jpg,0,No_DR,1,Mild,0.9964612,0.0019041868,0.9964612,0.0016303799,6.6262995e-09,4.1900794e-06
/kaggle/input/datasets/samjohnstonc/ddr-prepared/data/organized/ddr/test/0_No_DR/007-2352-100.jpg,0,No_DR,1,Mild,0.6823598,0.008855336,0.6823598,0.30865952,0.000118441225,6.8415256e-06
/kaggle/input/datasets/samjohnstonc/ddr-prepared/data/organized/ddr/test/0_No_DR/007-2358-100.jpg,0,No_DR,2,Moderate,0.93107265,0.049267385,0.01632093,0.93107265,7.7828154e-05,0.00326113
/kaggle/input/datasets/samjohnstonc/ddr-prepared/data/organized/ddr/test/0_No_DR/007-2606-100.jpg,0,No_DR,2,Moderate,0.8803441,0.09912163,0.0003573161,0.8803441,0.00046209086,0.019714871
/kaggle/input/datasets/samjohnstonc/ddr-prepared/data/organized/ddr/test/0_No_DR/007-3037-100.jpg,0,No_DR,1,Mild,0.99632394,0.00061512145,0.99632394,0.00293338,0.000104743754,2.2884544e-05
/kaggle/input/datasets/samjohnstonc/ddr-prepared/data/organized/ddr/test/0_No_DR/007-3256-100.jpg,0,No_DR,2,Moderate,0.57190585,0.39548707,0.032296944,0.57190585,8.664318e-05,0.0002235291
/kaggle/input/datasets/samjohnstonc/ddr-prepared/data/organized/ddr/test/0_No_DR/007-3270-100.jpg,0,No_DR,2,Moderate,0.95381474,1.9485215e-05,0.03759954,0.95381474,0.0075040907,0.0010621971
/kaggle/input/datasets/samjohnstonc/ddr-prepared/data/organized/ddr/test/0_No_DR/007-7409-601.jpg,0,No_DR,2,Moderate,0.9176924,0.07216273,0.00015524542,0.9176924,0.0016449175,0.008344687
/kaggle/input/datasets/samjohnstonc/ddr-prepared/data/organized/ddr/test/0_No_DR/007-7437-601.jpg,0,No_DR,2,Moderate,0.5146493,0.47618994,0.0018631772,0.5146493,4.5639354e-06,0.0072929924
/kaggle/input/datasets/samjohnstonc/ddr-prepared/data/organized/ddr/test/0_No_DR/007-7966-601.jpg,0,No_DR,2,Moderate,0.49778304,0.49064666,0.011526294,0.49778304,2.253546e-05,2.1510235e-05
/kaggle/input/datasets/samjohnstonc/ddr-prepared/data/organized/ddr/test/0_No_DR/007-7970-601.jpg,0,No_DR,2,Moderate,0.7656386,0.23408166,0.00014750386,0.7656386,3.707281e-06,0.00012854992
/kaggle/input/datasets/samjohnstonc/ddr-prepared/data/organized/ddr/test/0_No_DR/007-8236-602.jpg,0,No_DR,2,Moderate,0.66112274,0.33463892,0.0025923266,0.66112274,0.00052177353,0.0011242515
/kaggle/input/datasets/samjohnstonc/ddr-prepared/data/organized/ddr/test/0_No_DR/007-8283-602.jpg,0,No_DR,2,Moderate,0.8142043,0.18546563,8.914763e-05,0.8142043,2.089805e-07,0.00024075554
/kaggle/input/datasets/samjohnstonc/ddr-prepared/data/organized/ddr/test/0_No_DR/007-8421-603.jpg,0,No_DR,4,Proliferative_DR,0.7469867,0.08502623,3.1163247e-05,0.16794649,9.4823245e-06,0.7469867
/kaggle/input/datasets/samjohnstonc/ddr-prepared/data/organized/ddr/test/0_No_DR/20161115165015457.jpg,0,No_DR,1,Mild,0.4584056,0.1906971,0.4584056,0.35051405,1.0503464e-05,0.00037276978
/kaggle/input/datasets/samjohnstonc/ddr-prepared/data/organized/ddr/test/0_No_DR/20170121153406540.jpg,0,No_DR,2,Moderate,0.52835566,0.32945564,0.14038157,0.52835566,1.0685659e-05,0.0017963891
/kaggle/input/datasets/samjohnstonc/ddr-prepared/data/organized/ddr/test/0_No_DR/20170208180148724.jpg,0,No_DR,2,Moderate,0.84179723,0.15682313,0.0012631728,0.84179723,9.4435716e-05,2.2042133e-05
/kaggle/input/datasets/samjohnstonc/ddr-prepared/data/organized/ddr/test/0_No_DR/20170218141746210.jpg,0,No_DR,1,Mild,0.882639,0.11507802,0.882639,0.0022830116,5.3990243e-09,5.4444604e-10
/kaggle/input/datasets/samjohnstonc/ddr-prepared/data/organized/ddr/test/0_No_DR/20170221164710064.jpg,0,No_DR,2,Moderate,0.4952821,0.48999134,0.014639506,0.4952821,8.679267e-05,2.0219726e-07
/kaggle/input/datasets/samjohnstonc/ddr-prepared/data/organized/ddr/test/0_No_DR/20170224160919351.jpg,0,No_DR,1,Mild,0.68344235,0.29624665,0.68344235,0.020259218,5.1298834e-05,5.1826703e-07
/kaggle/input/datasets/samjohnstonc/ddr-prepared/data/organized/ddr/test/0_No_DR/20170224161522681.jpg,0,No_DR,1,Mild,0.5821886,0.35829234,0.5821886,0.059516095,1.1864497e-06,1.8190259e-06
/kaggle/input/datasets/samjohnstonc/ddr-prepared/data/organized/ddr/test/0_No_DR/20170224181242827.jpg,0,No_DR,1,Mild,0.47437358,0.36603627,0.47437358,0.15955147,1.3154323e-05,2.5475356e-05
/kaggle/input/datasets/samjohnstonc/ddr-prepared/data/organized/ddr/test/0_No_DR/20170322172556852.jpg,0,No_DR,2,Moderate,0.5984154,0.40125164,0.00013665295,0.5984154,4.7216336e-06,0.00019164325
/kaggle/input/datasets/samjohnstonc/ddr-prepared/data/organized/ddr/test/0_No_DR/20170328114714967.jpg,0,No_DR,1,Mild,0.57333475,0.21369256,0.57333475,0.20901613,0.0026166947,0.0013398408
/kaggle/input/datasets/samjohnstonc/ddr-prepared/data/organized/ddr/test/0_No_DR/20170330095646694.jpg,0,No_DR,2,Moderate,0.906223,0.0689012,0.024870882,0.906223,4.7603244e-06,1.8491536e-07
/kaggle/input/datasets/samjohnstonc/ddr-prepared/data/organized/ddr/test/0_No_DR/20170401171753533.jpg,0,No_DR,2,Moderate,0.61173826,0.3741444,0.013973643,0.61173826,8.82575e-06,0.00013481075
/kaggle/input/datasets/samjohnstonc/ddr-prepared/data/organized/ddr/test/0_No_DR/20170405093547460.jpg,0,No_DR,1,Mild,0.54311514,0.39977792,0.54311514,0.057105515,1.3924977e-06,5.0189706e-09
/kaggle/input/datasets/samjohnstonc/ddr-prepared/data/organized/ddr/test/0_No_DR/20170406083853913.jpg,0,No_DR,2,Moderate,0.52074754,0.12481891,0.354286,0.52074754,3.505839e-05,0.000112472655
/kaggle/input/datasets/samjohnstonc/ddr-prepared/data/organized/ddr/test/0_No_DR/20170406083949109.jpg,0,No_DR,1,Mild,0.48736477,0.3534384,0.48736477,0.15917386,1.5680864e-05,7.307894e-06
/kaggle/input/datasets/samjohnstonc/ddr-prepared/data/organized/ddr/test/0_No_DR/20170408090406755.jpg,0,No_DR,1,Mild,0.65501106,0.336922,0.65501106,0.008020626,1.5438496e-05,3.089167e-05
/kaggle/input/datasets/samjohnstonc/ddr-prepared/data/organized/ddr/test/0_No_DR/20170408211306958.jpg,0,No_DR,2,Moderate,0.9151034,0.08442355,0.00025665344,0.9151034,0.00020751353,8.960571e-06
/kaggle/input/datasets/samjohnstonc/ddr-prepared/data/organized/ddr/test/0_No_DR/20170408222413387.jpg,0,No_DR,2,Moderate,0.7820745,0.20388947,0.0010530192,0.7820745,0.0001926671,0.012790322
/kaggle/input/datasets/samjohnstonc/ddr-prepared/data/organized/ddr/test/0_No_DR/20170412110630281.jpg,0,No_DR,1,Mild,0.649677,0.23183906,0.649677,0.11847504,3.6970284e-06,5.2499636e-06
/kaggle/input/datasets/samjohnstonc/ddr-prepared/data/organized/ddr/test/0_No_DR/20170417195644536.jpg,0,No_DR,1,Mild,0.8105257,0.14679259,0.8105257,0.04258267,9.41415e-05,4.9288433e-06
/kaggle/input/datasets/samjohnstonc/ddr-prepared/data/organized/ddr/test/0_No_DR/20170418112807013.jpg,0,No_DR,1,Mild,0.87520534,0.073564574,0.87520534,0.051228568,2.8578765e-07,1.1807177e-06
/kaggle/input/datasets/samjohnstonc/ddr-prepared/data/organized/ddr/test/0_No_DR/20170424162218960.jpg,0,No_DR,1,Mild,0.5395809,0.41501167,0.5395809,0.04540729,7.801575e-08,8.140199e-08
/kaggle/input/datasets/samjohnstonc/ddr-prepared/data/organized/ddr/test/0_No_DR/20170424170726887.jpg,0,No_DR,2,Moderate,0.4933898,0.43978477,0.06596957,0.4933898,1.8183278e-05,0.0008377125
/kaggle/input/datasets/samjohnstonc/ddr-prepared/data/organized/ddr/test/0_No_DR/20170425160737447.jpg,0,No_DR,1,Mild,0.8180661,0.14987427,0.8180661,0.032056343,3.1056102e-06,1.2340305e-07
/kaggle/input/datasets/samjohnstonc/ddr-prepared/data/organized/ddr/test/0_No_DR/20170426090503082.jpg,0,No_DR,1,Mild,0.56760615,0.36374617,0.56760615,0.06863656,1.0359574e-05,7.322525e-07
/kaggle/input/datasets/samjohnstonc/ddr-prepared/data/organized/ddr/test/0_No_DR/20170427204940840.jpg,0,No_DR,4,Proliferative_DR,0.7629297,0.121502295,0.018253908,0.09726292,5.11694e-05,0.7629297
/kaggle/input/datasets/samjohnstonc/ddr-prepared/data/organized/ddr/test/0_No_DR/20170428161950347.jpg,0,No_DR,2,Moderate,0.60299397,0.39467093,0.0016005536,0.60299397,5.7692043e-05,0.0006768483
/kaggle/input/datasets/samjohnstonc/ddr-prepared/data/organized/ddr/test/0_No_DR/20170429095809095.jpg,0,No_DR,2,Moderate,0.4311839,0.39576444,0.17302158,0.4311839,3.791354e-07,2.9710529e-05
/kaggle/input/datasets/samjohnstonc/ddr-prepared/data/organized/ddr/test/1_Mild/007-0725-000.jpg,1,Mild,0,No_DR,0.8505136,0.8505136,0.061293844,0.088168,1.1935638e-06,2.3431696e-05
/kaggle/input/datasets/samjohnstonc/ddr-prepared/data/organized/ddr/test/1_Mild/007-1229-000.jpg,1,Mild,0,No_DR,0.7508615,0.7508615,0.21317074,0.03572926,0.00022971102,8.770372e-06
/kaggle/input/datasets/samjohnstonc/ddr-prepared/data/organized/ddr/test/1_Mild/007-1791-100.jpg,1,Mild,2,Moderate,0.54716974,0.2880887,0.16434406,0.54716974,1.2506827e-06,0.0003962968
/kaggle/input/datasets/samjohnstonc/ddr-prepared/data/organized/ddr/test/1_Mild/007-1801-100.jpg,1,Mild,2,Moderate,0.6099852,0.007408102,0.0022376482,0.6099852,1.3749196e-05,0.3803553
/kaggle/input/datasets/samjohnstonc/ddr-prepared/data/organized/ddr/test/1_Mild/007-1865-100.jpg,1,Mild,2,Moderate,0.799666,0.104755394,0.08037627,0.799666,0.011755882,0.0034464768
/kaggle/input/datasets/samjohnstonc/ddr-prepared/data/organized/ddr/test/1_Mild/007-1894-100.jpg,1,Mild,2,Moderate,0.64536995,0.26522332,0.08501258,0.64536995,0.004292986,0.00010118836
/kaggle/input/datasets/samjohnstonc/ddr-prepared/data/organized/ddr/test/1_Mild/007-1896-100.jpg,1,Mild,2,Moderate,0.3871646,0.35900748,0.2487691,0.3871646,0.005053338,5.4660354e-06
/kaggle/input/datasets/samjohnstonc/ddr-prepared/data/organized/ddr/test/1_Mild/007-1897-100.jpg,1,Mild,2,Moderate,0.56394005,0.014103921,0.4218524,0.56394005,4.969274e-05,5.3918582e-05
/kaggle/input/datasets/samjohnstonc/ddr-prepared/data/organized/ddr/test/1_Mild/007-1906-100.jpg,1,Mild,2,Moderate,0.8204316,0.15942864,0.01815321,0.8204316,4.6925757e-07,0.001986077
/kaggle/input/datasets/samjohnstonc/ddr-prepared/data/organized/ddr/test/1_Mild/007-1920-100.jpg,1,Mild,2,Moderate,0.9774802,0.002692545,0.019823357,0.9774802,8.936139e-08,3.8101718e-06
/kaggle/input/datasets/samjohnstonc/ddr-prepared/data/organized/ddr/test/1_Mild/007-1962-100.jpg,1,Mild,2,Moderate,0.6657874,0.20001517,0.13417514,0.6657874,1.0044592e-05,1.2279821e-05
/kaggle/input/datasets/samjohnstonc/ddr-prepared/data/organized/ddr/test/1_Mild/007-2000-100.jpg,1,Mild,0,No_DR,0.9360615,0.9360615,0.0001921921,0.063745596,3.6046862e-07,2.9509107e-07
/kaggle/input/datasets/samjohnstonc/ddr-prepared/data/organized/ddr/test/1_Mild/007-2109-100.jpg,1,Mild,0,No_DR,0.83397835,0.83397835,0.05988299,0.10596873,0.00016403606,5.8593173e-06
/kaggle/input/datasets/samjohnstonc/ddr-prepared/data/organized/ddr/test/1_Mild/007-2173-100.jpg,1,Mild,2,Moderate,0.6344266,0.26069874,0.10463681,0.6344266,0.0002054272,3.24187e-05
/kaggle/input/datasets/samjohnstonc/ddr-prepared/data/organized/ddr/test/1_Mild/007-2185-100.jpg,1,Mild,0,No_DR,0.659344,0.659344,0.063265264,0.276811,0.00033709558,0.00024256222
/kaggle/input/datasets/samjohnstonc/ddr-prepared/data/organized/ddr/test/1_Mild/007-2188-100.jpg,1,Mild,0,No_DR,0.92028856,0.92028856,0.029237317,0.05036558,0.00010547719,3.0512076e-06
/kaggle/input/datasets/samjohnstonc/ddr-prepared/data/organized/ddr/test/1_Mild/007-2260-100.jpg,1,Mild,2,Moderate,0.6707859,0.04495116,0.28412318,0.6707859,0.00012209448,1.7638042e-05
/kaggle/input/datasets/samjohnstonc/ddr-prepared/data/organized/ddr/test/1_Mild/007-2303-100.jpg,1,Mild,2,Moderate,0.6098915,0.38807112,0.00027215036,0.6098915,3.4863453e-07,0.0017649215
/kaggle/input/datasets/samjohnstonc/ddr-prepared/data/organized/ddr/test/1_Mild/007-2359-100.jpg,1,Mild,0,No_DR,0.7499726,0.7499726,0.020182224,0.22983645,4.218895e-06,4.595286e-06
/kaggle/input/datasets/samjohnstonc/ddr-prepared/data/organized/ddr/test/1_Mild/007-2362-100.jpg,1,Mild,0,No_DR,0.5868072,0.5868072,0.04885665,0.36361134,0.00067705964,4.773425e-05
/kaggle/input/datasets/samjohnstonc/ddr-prepared/data/organized/ddr/test/1_Mild/007-2533-100.jpg,1,Mild,0,No_DR,0.71732277,0.71732277,0.029252704,0.25295538,3.5019246e-05,0.00043413386
/kaggle/input/datasets/samjohnstonc/ddr-prepared/data/organized/ddr/test/1_Mild/007-2554-100.jpg,1,Mild,0,No_DR,0.9746737,0.9746737,0.0035968747,0.02172805,1.2515474e-06,8.604569e-08
/kaggle/input/datasets/samjohnstonc/ddr-prepared/data/organized/ddr/test/1_Mild/007-2567-100.jpg,1,Mild,2,Moderate,0.7840313,0.1755151,0.035974357,0.7840313,0.000119553,0.004359671
/kaggle/input/datasets/samjohnstonc/ddr-prepared/data/organized/ddr/test/1_Mild/007-2581-100.jpg,1,Mild,0,No_DR,0.9077465,0.9077465,0.0005346807,0.08827794,2.5215345e-06,0.0034384578
/kaggle/input/datasets/samjohnstonc/ddr-prepared/data/organized/ddr/test/1_Mild/007-2633-100.jpg,1,Mild,2,Moderate,0.6074153,0.36759183,0.024942791,0.6074153,4.1182027e-08,5.0040344e-05
/kaggle/input/datasets/samjohnstonc/ddr-prepared/data/organized/ddr/test/1_Mild/007-2669-100.jpg,1,Mild,2,Moderate,0.97711617,0.001818176,0.009715692,0.97711617,6.722858e-06,0.011343149
/kaggle/input/datasets/samjohnstonc/ddr-prepared/data/organized/ddr/test/1_Mild/007-2670-100.jpg,1,Mild,2,Moderate,0.9147126,0.05199479,0.008640582,0.9147126,0.00012340573,0.024528624
/kaggle/input/datasets/samjohnstonc/ddr-prepared/data/organized/ddr/test/1_Mild/007-2682-100.jpg,1,Mild,0,No_DR,0.907282,0.907282,0.014744972,0.077934794,1.2092374e-05,2.6053627e-05
/kaggle/input/datasets/samjohnstonc/ddr-prepared/data/organized/ddr/test/1_Mild/007-2802-100.jpg,1,Mild,2,Moderate,0.9839839,0.013478079,0.0019723603,0.9839839,2.6925001e-05,0.00053880597
/kaggle/input/datasets/samjohnstonc/ddr-prepared/data/organized/ddr/test/1_Mild/007-2906-100.jpg,1,Mild,2,Moderate,0.89117527,0.10431302,0.0043616584,0.89117527,5.2053027e-05,9.797637e-05
/kaggle/input/datasets/samjohnstonc/ddr-prepared/data/organized/ddr/test/1_Mild/007-2920-100.jpg,1,Mild,0,No_DR,0.76077735,0.76077735,0.18472545,0.05449115,5.411034e-06,6.669349e-07
/kaggle/input/datasets/samjohnstonc/ddr-prepared/data/organized/ddr/test/1_Mild/007-2936-100.jpg,1,Mild,0,No_DR,0.696972,0.696972,0.0001225565,0.30284658,2.193112e-06,5.6666173e-05
/kaggle/input/datasets/samjohnstonc/ddr-prepared/data/organized/ddr/test/1_Mild/007-2981-100.jpg,1,Mild,0,No_DR,0.9329544,0.9329544,0.0001346096,0.06691089,1.2206726e-07,6.2377943e-09
/kaggle/input/datasets/samjohnstonc/ddr-prepared/data/organized/ddr/test/1_Mild/007-3033-100.jpg,1,Mild,2,Moderate,0.5311925,0.16470656,0.29307696,0.5311925,0.01007303,0.0009509049
/kaggle/input/datasets/samjohnstonc/ddr-prepared/data/organized/ddr/test/1_Mild/007-3081-100.jpg,1,Mild,0,No_DR,0.95848763,0.95848763,0.030641912,0.010839874,2.8350161e-05,2.2028682e-06
/kaggle/input/datasets/samjohnstonc/ddr-prepared/data/organized/ddr/test/1_Mild/007-3105-100.jpg,1,Mild,2,Moderate,0.97351474,0.022364864,0.0018074744,0.97351474,1.3706e-07,0.0023128293
/kaggle/input/datasets/samjohnstonc/ddr-prepared/data/organized/ddr/test/1_Mild/007-3261-100.jpg,1,Mild,2,Moderate,0.48436317,0.44342035,0.016291756,0.48436317,1.3493148e-07,0.055924606
/kaggle/input/datasets/samjohnstonc/ddr-prepared/data/organized/ddr/test/1_Mild/007-3272-100.jpg,1,Mild,2,Moderate,0.623786,0.37355563,0.002336339,0.623786,6.737526e-07,0.00032139846
/kaggle/input/datasets/samjohnstonc/ddr-prepared/data/organized/ddr/test/1_Mild/007-3275-100.jpg,1,Mild,2,Moderate,0.49623808,0.049649917,0.45411047,0.49623808,1.8429454e-07,1.3778684e-06
/kaggle/input/datasets/samjohnstonc/ddr-prepared/data/organized/ddr/test/1_Mild/20170627174255795.jpg,1,Mild,2,Moderate,0.87875247,0.10756908,0.013450137,0.87875247,0.0001869421,4.133894e-05
/kaggle/input/datasets/samjohnstonc/ddr-prepared/data/organized/ddr/test/2_Moderate/007-0156-000.jpg,2,Moderate,0,No_DR,0.952224,0.952224,0.006011036,0.041756507,8.106339e-06,2.431736e-07
/kaggle/input/datasets/samjohnstonc/ddr-prepared/data/organized/ddr/test/2_Moderate/007-0709-000.jpg,2,Moderate,0,No_DR,0.68328094,0.68328094,0.14545818,0.17094535,2.721942e-05,0.00028838534
/kaggle/input/datasets/samjohnstonc/ddr-prepared/data/organized/ddr/test/2_Moderate/007-1689-000.jpg,2,Moderate,0,No_DR,0.9486906,0.9486906,0.00036389468,0.050945092,6.7091456e-08,3.5831573e-07
/kaggle/input/datasets/samjohnstonc/ddr-prepared/data/organized/ddr/test/2_Moderate/007-1812-100.jpg,2,Moderate,0,No_DR,0.6668427,0.6668427,0.01636496,0.3167826,8.755292e-06,9.451695e-07
/kaggle/input/datasets/samjohnstonc/ddr-prepared/data/organized/ddr/test/2_Moderate/007-1823-100.jpg,2,Moderate,1,Mild,0.98104894,0.008116928,0.98104894,0.01081853,1.5116955e-05,5.6020525e-07
/kaggle/input/datasets/samjohnstonc/ddr-prepared/data/organized/ddr/test/2_Moderate/007-1830-100.jpg,2,Moderate,1,Mild,0.7962193,0.09017111,0.7962193,0.11338849,0.00018622649,3.4852445e-05
/kaggle/input/datasets/samjohnstonc/ddr-prepared/data/organized/ddr/test/2_Moderate/007-1836-100.jpg,2,Moderate,1,Mild,0.7399209,0.011846814,0.7399209,0.24822916,6.4429423e-07,2.441705e-06
/kaggle/input/datasets/samjohnstonc/ddr-prepared/data/organized/ddr/test/2_Moderate/007-1855-100.jpg,2,Moderate,0,No_DR,0.69167274,0.69167274,0.00012336572,0.28680077,7.1611306e-05,0.021331446
/kaggle/input/datasets/samjohnstonc/ddr-prepared/data/organized/ddr/test/2_Moderate/007-2054-100.jpg,2,Moderate,0,No_DR,0.87592524,0.87592524,0.03789455,0.08617809,1.3096543e-06,8.672266e-07
/kaggle/input/datasets/samjohnstonc/ddr-prepared/data/organized/ddr/test/2_Moderate/007-2088-100.jpg,2,Moderate,3,Severe,0.52417403,0.0017147923,0.00031561247,0.4737508,0.52417403,4.4704586e-05
/kaggle/input/datasets/samjohnstonc/ddr-prepared/data/organized/ddr/test/2_Moderate/007-2114-100.jpg,2,Moderate,0,No_DR,0.68411803,0.68411803,0.007415885,0.30840203,6.266155e-07,6.3480045e-05
/kaggle/input/datasets/samjohnstonc/ddr-prepared/data/organized/ddr/test/2_Moderate/007-2145-100.jpg,2,Moderate,1,Mild,0.91494876,0.008849304,0.91494876,0.075963035,1.0726692e-06,0.000237826
/kaggle/input/datasets/samjohnstonc/ddr-prepared/data/organized/ddr/test/2_Moderate/007-2158-100.jpg,2,Moderate,1,Mild,0.70453995,0.18055175,0.70453995,0.11236538,0.0001612594,0.002381675
/kaggle/input/datasets/samjohnstonc/ddr-prepared/data/organized/ddr/test/2_Moderate/007-2212-100.jpg,2,Moderate,0,No_DR,0.9682398,0.9682398,0.012628504,0.018493345,0.00063766213,7.021832e-07
/kaggle/input/datasets/samjohnstonc/ddr-prepared/data/organized/ddr/test/2_Moderate/007-2219-100.jpg,2,Moderate,0,No_DR,0.72556084,0.72556084,0.00073821587,0.2734948,7.974006e-06,0.00019817585
/kaggle/input/datasets/samjohnstonc/ddr-prepared/data/organized/ddr/test/2_Moderate/007-2250-100.jpg,2,Moderate,1,Mild,0.95845073,0.029182991,0.95845073,0.012365061,1.2407875e-06,1.4808573e-08
/kaggle/input/datasets/samjohnstonc/ddr-prepared/data/organized/ddr/test/2_Moderate/007-2374-100.jpg,2,Moderate,1,Mild,0.90200514,0.0668984,0.90200514,0.03109594,1.9877862e-09,4.8304935e-07
/kaggle/input/datasets/samjohnstonc/ddr-prepared/data/organized/ddr/test/2_Moderate/007-2422-100.jpg,2,Moderate,1,Mild,0.9991264,3.2491684e-05,0.9991264,0.0008410828,4.1743276e-10,6.4234142e-09
/kaggle/input/datasets/samjohnstonc/ddr-prepared/data/organized/ddr/test/2_Moderate/007-2424-100.jpg,2,Moderate,0,No_DR,0.8213942,0.8213942,0.031485695,0.14700115,2.6074527e-05,9.28545e-05
/kaggle/input/datasets/samjohnstonc/ddr-prepared/data/organized/ddr/test/2_Moderate/007-2431-100.jpg,2,Moderate,1,Mild,0.57872367,0.31343055,0.57872367,0.10784563,8.176935e-08,5.0482004e-08
/kaggle/input/datasets/samjohnstonc/ddr-prepared/data/organized/ddr/test/2_Moderate/007-2452-100.jpg,2,Moderate,1,Mild,0.95075655,0.0003219215,0.95075655,0.04891784,7.6535464e-08,3.5778903e-06
/kaggle/input/datasets/samjohnstonc/ddr-prepared/data/organized/ddr/test/2_Moderate/007-2453-100.jpg,2,Moderate,1,Mild,0.9899935,0.0001891322,0.9899935,0.009817161,4.354131e-08,2.0165578e-07
/kaggle/input/datasets/samjohnstonc/ddr-prepared/data/organized/ddr/test/2_Moderate/007-2506-100.jpg,2,Moderate,0,No_DR,0.588404,0.588404,0.005860122,0.40553805,2.563063e-07,0.00019754667
/kaggle/input/datasets/samjohnstonc/ddr-prepared/data/organized/ddr/test/2_Moderate/007-2537-100.jpg,2,Moderate,0,No_DR,0.88996035,0.88996035,0.0020220662,0.10801148,5.7697093e-07,5.472806e-06
/kaggle/input/datasets/samjohnstonc/ddr-prepared/data/organized/ddr/test/2_Moderate/007-2652-100.jpg,2,Moderate,1,Mild,0.99853337,5.8453825e-05,0.99853337,0.0014079878,1.3932478e-07,7.510931e-09
/kaggle/input/datasets/samjohnstonc/ddr-prepared/data/organized/ddr/test/2_Moderate/007-2680-100.jpg,2,Moderate,4,Proliferative_DR,0.84467554,0.0020323102,0.008628509,0.14451861,0.00014511908,0.84467554
/kaggle/input/datasets/samjohnstonc/ddr-prepared/data/organized/ddr/test/2_Moderate/007-2888-100.jpg,2,Moderate,0,No_DR,0.64671177,0.64671177,0.044663105,0.3086169,6.163117e-06,2.077983e-06
/kaggle/input/datasets/samjohnstonc/ddr-prepared/data/organized/ddr/test/2_Moderate/007-2912-100.jpg,2,Moderate,1,Mild,0.6081071,0.33357915,0.6081071,0.058307324,7.615199e-08,6.3890484e-06
/kaggle/input/datasets/samjohnstonc/ddr-prepared/data/organized/ddr/test/2_Moderate/007-2951-100.jpg,2,Moderate,0,No_DR,0.8709125,0.8709125,0.015514176,0.11318743,6.815208e-07,0.00038521067
/kaggle/input/datasets/samjohnstonc/ddr-prepared/data/organized/ddr/test/2_Moderate/007-2952-100.jpg,2,Moderate,0,No_DR,0.9052186,0.9052186,0.019832458,0.074756846,0.00016060422,3.149816e-05
/kaggle/input/datasets/samjohnstonc/ddr-prepared/data/organized/ddr/test/2_Moderate/007-3143-100.jpg,2,Moderate,0,No_DR,0.76845473,0.76845473,0.012211552,0.21920161,8.3271814e-05,4.8808044e-05
/kaggle/input/datasets/samjohnstonc/ddr-prepared/data/organized/ddr/test/2_Moderate/007-3159-100.jpg,2,Moderate,0,No_DR,0.90141773,0.90141773,3.5582805e-06,0.098307386,2.268233e-06,0.00026907152
/kaggle/input/datasets/samjohnstonc/ddr-prepared/data/organized/ddr/test/2_Moderate/007-3208-100.jpg,2,Moderate,0,No_DR,0.5863192,0.5863192,0.0302735,0.3834073,4.385173e-10,9.1050345e-10
/kaggle/input/datasets/samjohnstonc/ddr-prepared/data/organized/ddr/test/2_Moderate/007-3406-200.jpg,2,Moderate,0,No_DR,0.4673112,0.4673112,0.23675719,0.29568535,0.00023287676,1.3384271e-05
/kaggle/input/datasets/samjohnstonc/ddr-prepared/data/organized/ddr/test/2_Moderate/007-3530-200.jpg,2,Moderate,3,Severe,0.7187041,3.057619e-05,4.6137025e-05,0.27651086,0.7187041,0.0047082347
/kaggle/input/datasets/samjohnstonc/ddr-prepared/data/organized/ddr/test/2_Moderate/007-3533-200.jpg,2,Moderate,1,Mild,0.92338306,0.04569819,0.92338306,0.030865883,6.7461788e-06,4.6120625e-05
/kaggle/input/datasets/samjohnstonc/ddr-prepared/data/organized/ddr/test/2_Moderate/007-3540-200.jpg,2,Moderate,0,No_DR,0.60963666,0.60963666,0.0012245824,0.38911733,8.452515e-06,1.2919521e-05
/kaggle/input/datasets/samjohnstonc/ddr-prepared/data/organized/ddr/test/2_Moderate/007-3555-200.jpg,2,Moderate,0,No_DR,0.85109013,0.85109013,0.0031565863,0.14569807,4.8204424e-06,5.045851e-05
/kaggle/input/datasets/samjohnstonc/ddr-prepared/data/organized/ddr/test/2_Moderate/007-3613-200.jpg,2,Moderate,1,Mild,0.77338505,0.00094182714,0.77338505,0.2256628,3.276739e-07,9.992279e-06
/kaggle/input/datasets/samjohnstonc/ddr-prepared/data/organized/ddr/test/2_Moderate/007-3623-200.jpg,2,Moderate,1,Mild,0.92078364,0.0005440346,0.92078364,0.07849284,0.00012875788,5.0719584e-05
/kaggle/input/datasets/samjohnstonc/ddr-prepared/data/organized/ddr/test/2_Moderate/007-3652-200.jpg,2,Moderate,0,No_DR,0.7752466,0.7752466,0.031597514,0.132781,3.332526e-05,0.060341466
/kaggle/input/datasets/samjohnstonc/ddr-prepared/data/organized/ddr/test/2_Moderate/007-3662-200.jpg,2,Moderate,4,Proliferative_DR,0.56565917,0.00026991285,5.7735837e-05,0.4340117,1.5383174e-06,0.56565917
/kaggle/input/datasets/samjohnstonc/ddr-prepared/data/organized/ddr/test/2_Moderate/007-3716-200.jpg,2,Moderate,4,Proliferative_DR,0.7737393,1.5415188e-05,2.6940475e-06,0.22511055,0.0011320568,0.7737393
/kaggle/input/datasets/samjohnstonc/ddr-prepared/data/organized/ddr/test/2_Moderate/007-3766-200.jpg,2,Moderate,1,Mild,0.8569098,0.0021745437,0.8569098,0.14082736,8.711598e-05,1.132025e-06
/kaggle/input/datasets/samjohnstonc/ddr-prepared/data/organized/ddr/test/2_Moderate/007-3776-200.jpg,2,Moderate,1,Mild,0.45681792,0.14352788,0.45681792,0.39962402,2.658531e-05,3.6239787e-06
/kaggle/input/datasets/samjohnstonc/ddr-prepared/data/organized/ddr/test/2_Moderate/007-3857-200.jpg,2,Moderate,1,Mild,0.89122146,0.050967205,0.89122146,0.057767496,2.3609724e-05,2.0243038e-05
/kaggle/input/datasets/samjohnstonc/ddr-prepared/data/organized/ddr/test/2_Moderate/007-4003-200.jpg,2,Moderate,3,Severe,0.97693706,2.5826123e-06,5.8608254e-07,0.015811421,0.97693706,0.00724835
/kaggle/input/datasets/samjohnstonc/ddr-prepared/data/organized/ddr/test/2_Moderate/007-4033-200.jpg,2,Moderate,1,Mild,0.52382135,0.0011367629,0.52382135,0.4748669,3.8807553e-05,0.00013621453
/kaggle/input/datasets/samjohnstonc/ddr-prepared/data/organized/ddr/test/2_Moderate/007-4068-200.jpg,2,Moderate,4,Proliferative_DR,0.87014866,2.9112127e-05,0.00017716983,0.068172306,0.061472725,0.87014866
/kaggle/input/datasets/samjohnstonc/ddr-prepared/data/organized/ddr/test/2_Moderate/007-4205-200.jpg,2,Moderate,1,Mild,0.6803371,0.045281705,0.6803371,0.27437928,9.04504e-07,1.0238452e-06
/kaggle/input/datasets/samjohnstonc/ddr-prepared/data/organized/ddr/test/2_Moderate/007-4218-200.jpg,2,Moderate,3,Severe,0.5048554,5.4464917e-06,4.9724353e-05,0.49507147,0.5048554,1.7983772e-05
/kaggle/input/datasets/samjohnstonc/ddr-prepared/data/organized/ddr/test/2_Moderate/007-4512-200.jpg,2,Moderate,3,Severe,0.526745,0.17384797,0.00022922692,0.2412899,0.526745,0.05788785
/kaggle/input/datasets/samjohnstonc/ddr-prepared/data/organized/ddr/test/2_Moderate/007-4586-200.jpg,2,Moderate,0,No_DR,0.7549415,0.7549415,0.022961907,0.22196606,2.4607561e-05,0.00010589705
/kaggle/input/datasets/samjohnstonc/ddr-prepared/data/organized/ddr/test/2_Moderate/007-4655-200.jpg,2,Moderate,1,Mild,0.49174285,0.06303639,0.49174285,0.4440583,7.876386e-07,0.0011616802
/kaggle/input/datasets/samjohnstonc/ddr-prepared/data/organized/ddr/test/2_Moderate/007-4785-300.jpg,2,Moderate,3,Severe,0.92386305,7.1926564e-07,3.371124e-07,0.05962273,0.92386305,0.01651314
/kaggle/input/datasets/samjohnstonc/ddr-prepared/data/organized/ddr/test/2_Moderate/007-4820-300.jpg,2,Moderate,4,Proliferative_DR,0.99857867,5.3496133e-06,1.3037717e-07,0.0008288473,0.0005869915,0.99857867
/kaggle/input/datasets/samjohnstonc/ddr-prepared/data/organized/ddr/test/2_Moderate/007-4834-300.jpg,2,Moderate,1,Mild,0.90249306,0.0001652734,0.90249306,0.097340964,3.9251978e-07,2.3995077e-07
/kaggle/input/datasets/samjohnstonc/ddr-prepared/data/organized/ddr/test/2_Moderate/007-4989-300.jpg,2,Moderate,3,Severe,0.9104386,6.552404e-05,1.3215652e-05,0.07278757,0.9104386,0.016695054
/kaggle/input/datasets/samjohnstonc/ddr-prepared/data/organized/ddr/test/2_Moderate/007-5081-300.jpg,2,Moderate,1,Mild,0.81752217,0.027099924,0.81752217,0.15381376,0.0015642134,2.238257e-09
/kaggle/input/datasets/samjohnstonc/ddr-prepared/data/organized/ddr/test/2_Moderate/007-5120-300.jpg,2,Moderate,4,Proliferative_DR,0.8613984,0.00042492416,6.95212e-05,0.13140608,0.006701022,0.8613984
/kaggle/input/datasets/samjohnstonc/ddr-prepared/data/organized/ddr/test/2_Moderate/007-5121-300.jpg,2,Moderate,4,Proliferative_DR,0.83759344,2.4645711e-05,1.2618247e-06,0.14977494,0.012605621,0.83759344
/kaggle/input/datasets/samjohnstonc/ddr-prepared/data/organized/ddr/test/2_Moderate/007-5125-300.jpg,2,Moderate,3,Severe,0.60175663,0.00018403937,8.316401e-06,0.3938734,0.60175663,0.0041775964
/kaggle/input/datasets/samjohnstonc/ddr-prepared/data/organized/ddr/test/2_Moderate/007-5163-300.jpg,2,Moderate,4,Proliferative_DR,0.96919435,0.0002951767,2.8058543e-05,0.014920545,0.015561813,0.96919435
/kaggle/input/datasets/samjohnstonc/ddr-prepared/data/organized/ddr/test/2_Moderate/007-5348-300.jpg,2,Moderate,1,Mild,0.67934495,0.0071522854,0.67934495,0.3042583,0.009244317,1.2759655e-07
/kaggle/input/datasets/samjohnstonc/ddr-prepared/data/organized/ddr/test/2_Moderate/007-5413-300.jpg,2,Moderate,1,Mild,0.7608329,0.022192795,0.7608329,0.2118915,0.0050822226,6.242029e-07
/kaggle/input/datasets/samjohnstonc/ddr-prepared/data/organized/ddr/test/2_Moderate/007-5426-300.jpg,2,Moderate,4,Proliferative_DR,0.97422564,9.1930546e-05,5.0631524e-08,0.02567757,4.7260874e-06,0.97422564
/kaggle/input/datasets/samjohnstonc/ddr-prepared/data/organized/ddr/test/2_Moderate/007-5485-300.jpg,2,Moderate,1,Mild,0.80162245,0.0004869503,0.80162245,0.19788533,4.7283474e-06,5.766952e-07
/kaggle/input/datasets/samjohnstonc/ddr-prepared/data/organized/ddr/test/2_Moderate/007-5504-300.jpg,2,Moderate,1,Mild,0.78814226,7.218948e-05,0.78814226,0.21178243,2.7458723e-06,4.4779156e-07
/kaggle/input/datasets/samjohnstonc/ddr-prepared/data/organized/ddr/test/2_Moderate/007-5506-300.jpg,2,Moderate,1,Mild,0.8054006,0.00010258828,0.8054006,0.1942977,7.876413e-05,0.00012033736
/kaggle/input/datasets/samjohnstonc/ddr-prepared/data/organized/ddr/test/2_Moderate/007-5511-300.jpg,2,Moderate,1,Mild,0.95436394,0.00017571812,0.95436394,0.045086917,3.8769518e-05,0.00033467333
/kaggle/input/datasets/samjohnstonc/ddr-prepared/data/organized/ddr/test/2_Moderate/007-5518-300.jpg,2,Moderate,1,Mild,0.96910584,0.004386727,0.96910584,0.026500385,6.9201383e-06,1.323794e-07
/kaggle/input/datasets/samjohnstonc/ddr-prepared/data/organized/ddr/test/2_Moderate/007-5569-300.jpg,2,Moderate,3,Severe,0.5071552,0.00035220367,1.1031968e-07,0.49103928,0.5071552,0.0014532511
/kaggle/input/datasets/samjohnstonc/ddr-prepared/data/organized/ddr/test/2_Moderate/007-5592-300.jpg,2,Moderate,3,Severe,0.920919,8.539026e-07,4.9990047e-07,0.07823213,0.920919,0.00084742927
/kaggle/input/datasets/samjohnstonc/ddr-prepared/data/organized/ddr/test/2_Moderate/007-5728-300.jpg,2,Moderate,3,Severe,0.95062965,2.2526092e-05,3.0330819e-05,0.04931458,0.95062965,2.8338388e-06
/kaggle/input/datasets/samjohnstonc/ddr-prepared/data/organized/ddr/test/2_Moderate/007-5855-300.jpg,2,Moderate,4,Proliferative_DR,0.9372785,1.6421706e-06,2.830434e-07,0.032121602,0.030597908,0.9372785
/kaggle/input/datasets/samjohnstonc/ddr-prepared/data/organized/ddr/test/2_Moderate/007-5857-300.jpg,2,Moderate,4,Proliferative_DR,0.86805505,1.1135118e-05,8.419444e-06,0.07243954,0.059485737,0.86805505
/kaggle/input/datasets/samjohnstonc/ddr-prepared/data/organized/ddr/test/2_Moderate/007-5876-300.jpg,2,Moderate,4,Proliferative_DR,0.9035651,0.00017120344,1.5282816e-07,0.09621655,4.698536e-05,0.9035651
/kaggle/input/datasets/samjohnstonc/ddr-prepared/data/organized/ddr/test/2_Moderate/007-5907-300.jpg,2,Moderate,4,Proliferative_DR,0.9792454,2.8405897e-05,3.0561543e-07,0.008058726,0.012667175,0.9792454
/kaggle/input/datasets/samjohnstonc/ddr-prepared/data/organized/ddr/test/2_Moderate/007-5948-300.jpg,2,Moderate,1,Mild,0.7916966,0.02848291,0.7916966,0.17976595,5.265634e-05,1.864468e-06
/kaggle/input/datasets/samjohnstonc/ddr-prepared/data/organized/ddr/test/2_Moderate/007-5976-300.jpg,2,Moderate,0,No_DR,0.95827466,0.95827466,1.48487e-06,0.04172303,4.776178e-07,3.7192908e-07
/kaggle/input/datasets/samjohnstonc/ddr-prepared/data/organized/ddr/test/2_Moderate/007-5995-300.jpg,2,Moderate,4,Proliferative_DR,0.94530445,0.0003887582,3.88594e-06,0.054020636,0.0002822876,0.94530445
/kaggle/input/datasets/samjohnstonc/ddr-prepared/data/organized/ddr/test/2_Moderate/007-6008-300.jpg,2,Moderate,1,Mild,0.9941292,0.00050351524,0.9941292,0.00536505,2.2988906e-06,1.2074014e-08
/kaggle/input/datasets/samjohnstonc/ddr-prepared/data/organized/ddr/test/2_Moderate/007-6235-300.jpg,2,Moderate,1,Mild,0.9647634,0.0013465199,0.9647634,0.03388827,1.07563956e-07,1.7339443e-06
/kaggle/input/datasets/samjohnstonc/ddr-prepared/data/organized/ddr/test/2_Moderate/007-6255-300.jpg,2,Moderate,3,Severe,0.9483355,1.1305993e-07,1.47025965e-08,0.045225874,0.9483355,0.006438535
/kaggle/input/datasets/samjohnstonc/ddr-prepared/data/organized/ddr/test/2_Moderate/007-6256-300.jpg,2,Moderate,3,Severe,0.75126785,0.00051981537,1.00831116e-07,0.24793419,0.75126785,0.00027803247
/kaggle/input/datasets/samjohnstonc/ddr-prepared/data/organized/ddr/test/2_Moderate/007-6275-300.jpg,2,Moderate,1,Mild,0.8958688,0.0005053632,0.8958688,0.10357521,4.104231e-05,9.686304e-06
/kaggle/input/datasets/samjohnstonc/ddr-prepared/data/organized/ddr/test/2_Moderate/007-6279-300.jpg,2,Moderate,0,No_DR,0.8923625,0.8923625,8.0048616e-05,0.10745065,0.00010290068,3.9196566e-06
/kaggle/input/datasets/samjohnstonc/ddr-prepared/data/organized/ddr/test/2_Moderate/007-6726-400.jpg,2,Moderate,4,Proliferative_DR,0.6148342,0.049090598,1.7866229e-05,0.33605382,3.4785917e-06,0.6148342
/kaggle/input/datasets/samjohnstonc/ddr-prepared/data/organized/ddr/test/2_Moderate/007-6866-400.jpg,2,Moderate,4,Proliferative_DR,0.9795735,1.29380105e-05,5.7517426e-09,0.020412944,6.0819434e-07,0.9795735
/kaggle/input/datasets/samjohnstonc/ddr-prepared/data/organized/ddr/test/2_Moderate/20170504211026647.jpg,2,Moderate,0,No_DR,0.43019775,0.43019775,0.14050761,0.42825967,0.0006182279,0.00041679136
/kaggle/input/datasets/samjohnstonc/ddr-prepared/data/organized/ddr/test/2_Moderate/20170506084444579.jpg,2,Moderate,1,Mild,0.93761,0.005459744,0.93761,0.05690672,1.8218394e-05,5.3019658e-06
/kaggle/input/datasets/samjohnstonc/ddr-prepared/data/organized/ddr/test/2_Moderate/20170508224540384.jpg,2,Moderate,1,Mild,0.76710624,0.10876157,0.76710624,0.1213913,0.0017789879,0.0009619345
/kaggle/input/datasets/samjohnstonc/ddr-prepared/data/organized/ddr/test/2_Moderate/20170509155418870.jpg,2,Moderate,1,Mild,0.6351138,0.2778209,0.6351138,0.08697381,6.204303e-05,2.9543588e-05
/kaggle/input/datasets/samjohnstonc/ddr-prepared/data/organized/ddr/test/2_Moderate/20170511113811780.jpg,2,Moderate,0,No_DR,0.8428727,0.8428727,0.0021155125,0.15494181,9.120072e-06,6.0852028e-05
/kaggle/input/datasets/samjohnstonc/ddr-prepared/data/organized/ddr/test/2_Moderate/20170511160523116.jpg,2,Moderate,0,No_DR,0.8193726,0.8193726,0.08335046,0.097189754,7.970304e-05,7.5645303e-06
/kaggle/input/datasets/samjohnstonc/ddr-prepared/data/organized/ddr/test/2_Moderate/20170511162525215.jpg,2,Moderate,0,No_DR,0.7564753,0.7564753,0.09102167,0.1524788,1.1503369e-05,1.2699125e-05
/kaggle/input/datasets/samjohnstonc/ddr-prepared/data/organized/ddr/test/2_Moderate/20170511191633744.jpg,2,Moderate,0,No_DR,0.55324185,0.55324185,0.29513732,0.15161397,1.9282522e-06,4.922481e-06
/kaggle/input/datasets/samjohnstonc/ddr-prepared/data/organized/ddr/test/2_Moderate/20170511194004638.jpg,2,Moderate,1,Mild,0.8672367,0.035484236,0.8672367,0.095694795,0.0015841657,1.3946084e-07
/kaggle/input/datasets/samjohnstonc/ddr-prepared/data/organized/ddr/test/2_Moderate/20170512160521256.jpg,2,Moderate,3,Severe,0.94854903,0.020497257,1.2651758e-05,0.030940793,0.94854903,2.1624024e-07
/kaggle/input/datasets/samjohnstonc/ddr-prepared/data/organized/ddr/test/2_Moderate/20170516095416106.jpg,2,Moderate,0,No_DR,0.47619703,0.47619703,0.10994048,0.41367006,6.3077396e-06,0.00018606635
/kaggle/input/datasets/samjohnstonc/ddr-prepared/data/organized/ddr/test/2_Moderate/20170517104642882.jpg,2,Moderate,0,No_DR,0.77071697,0.77071697,0.021387188,0.20789254,2.7089702e-06,6.3133893e-07
/kaggle/input/datasets/samjohnstonc/ddr-prepared/data/organized/ddr/test/2_Moderate/20170517163701949.jpg,2,Moderate,0,No_DR,0.6875625,0.6875625,1.4646659e-05,0.311921,0.00049936393,2.459986e-06
/kaggle/input/datasets/samjohnstonc/ddr-prepared/data/organized/ddr/test/2_Moderate/20170518092223117.jpg,2,Moderate,0,No_DR,0.8970919,0.8970919,0.024160068,0.07874164,5.5396954e-06,8.9936094e-07
/kaggle/input/datasets/samjohnstonc/ddr-prepared/data/organized/ddr/test/2_Moderate/20170518153036606.jpg,2,Moderate,1,Mild,0.9745034,0.014413788,0.9745034,0.011080753,6.989925e-07,1.4306686e-06
/kaggle/input/datasets/samjohnstonc/ddr-prepared/data/organized/ddr/test/2_Moderate/20170518174145634.jpg,2,Moderate,0,No_DR,0.50653213,0.50653213,7.3954925e-07,0.49070555,1.1889259e-06,0.0027603675
/kaggle/input/datasets/samjohnstonc/ddr-prepared/data/organized/ddr/test/2_Moderate/20170520101042385.jpg,2,Moderate,0,No_DR,0.9832706,0.9832706,5.129767e-05,0.016468763,0.00019458566,1.4787485e-05
/kaggle/input/datasets/samjohnstonc/ddr-prepared/data/organized/ddr/test/2_Moderate/20170522091729801.jpg,2,Moderate,0,No_DR,0.74943495,0.74943495,0.027281936,0.22327808,3.4466634e-06,1.5955756e-06
/kaggle/input/datasets/samjohnstonc/ddr-prepared/data/organized/ddr/test/2_Moderate/20170522103325925.jpg,2,Moderate,1,Mild,0.84916395,0.100353785,0.84916395,0.050164152,0.0003172363,8.8523933e-07
/kaggle/input/datasets/samjohnstonc/ddr-prepared/data/organized/ddr/test/2_Moderate/20170523085504368.jpg,2,Moderate,0,No_DR,0.61133265,0.61133265,0.0091029685,0.37949052,7.100799e-05,2.8623208e-06
/kaggle/input/datasets/samjohnstonc/ddr-prepared/data/organized/ddr/test/2_Moderate/20170523115949867.jpg,2,Moderate,1,Mild,0.63165134,0.14285184,0.63165134,0.2249274,0.000537962,3.146341e-05
/kaggle/input/datasets/samjohnstonc/ddr-prepared/data/organized/ddr/test/2_Moderate/20170524140638977.jpg,2,Moderate,0,No_DR,0.8815361,0.8815361,0.00016057846,0.11827068,1.9452901e-07,3.2362237e-05
/kaggle/input/datasets/samjohnstonc/ddr-prepared/data/organized/ddr/test/2_Moderate/20170526155433935.jpg,2,Moderate,0,No_DR,0.9684921,0.9684921,0.00027632772,0.031219658,1.0330142e-06,1.08145505e-05
/kaggle/input/datasets/samjohnstonc/ddr-prepared/data/organized/ddr/test/2_Moderate/20170528112927320.jpg,2,Moderate,1,Mild,0.9548983,0.0044034473,0.9548983,0.040660072,3.5236644e-05,2.8679679e-06
/kaggle/input/datasets/samjohnstonc/ddr-prepared/data/organized/ddr/test/2_Moderate/20170531093300130.jpg,2,Moderate,0,No_DR,0.9358589,0.9358589,0.018699517,0.045439083,2.5503017e-08,2.4055055e-06
/kaggle/input/datasets/samjohnstonc/ddr-prepared/data/organized/ddr/test/2_Moderate/20170602093104027.jpg,2,Moderate,0,No_DR,0.9933484,0.9933484,1.3114111e-06,0.0066428413,6.055183e-06,1.4397951e-06
/kaggle/input/datasets/samjohnstonc/ddr-prepared/data/organized/ddr/test/2_Moderate/20170605163201114.jpg,2,Moderate,1,Mild,0.8048144,0.00546733,0.8048144,0.1897068,1.0586699e-05,8.7215e-07
/kaggle/input/datasets/samjohnstonc/ddr-prepared/data/organized/ddr/test/2_Moderate/20170606145347421.jpg,2,Moderate,0,No_DR,0.64918214,0.64918214,0.058545925,0.29143152,2.833647e-05,0.0008120842
/kaggle/input/datasets/samjohnstonc/ddr-prepared/data/organized/ddr/test/2_Moderate/20170608084935221.jpg,2,Moderate,0,No_DR,0.61598945,0.61598945,0.00086462573,0.38309506,4.9737984e-05,1.0786512e-06
/kaggle/input/datasets/samjohnstonc/ddr-prepared/data/organized/ddr/test/2_Moderate/20170608112323203.jpg,2,Moderate,0,No_DR,0.7601426,0.7601426,0.022778407,0.21704394,3.487672e-05,5.576077e-08
/kaggle/input/datasets/samjohnstonc/ddr-prepared/data/organized/ddr/test/2_Moderate/20170608133136376.jpg,2,Moderate,1,Mild,0.7056333,0.1309156,0.7056333,0.16243722,0.000936968,7.6935605e-05
/kaggle/input/datasets/samjohnstonc/ddr-prepared/data/organized/ddr/test/2_Moderate/20170610095525712.jpg,2,Moderate,1,Mild,0.89091474,0.08102202,0.89091474,0.028055934,6.8696163e-06,4.3531278e-07
/kaggle/input/datasets/samjohnstonc/ddr-prepared/data/organized/ddr/test/2_Moderate/20170613122140972.jpg,2,Moderate,1,Mild,0.6045982,0.3375263,0.6045982,0.057777073,9.3735536e-05,4.661356e-06
/kaggle/input/datasets/samjohnstonc/ddr-prepared/data/organized/ddr/test/2_Moderate/20170613164132693.jpg,2,Moderate,0,No_DR,0.9691871,0.9691871,7.1278366e-05,0.030738117,2.6312066e-06,7.962619e-07
/kaggle/input/datasets/samjohnstonc/ddr-prepared/data/organized/ddr/test/2_Moderate/20170614092847535.jpg,2,Moderate,0,No_DR,0.6876095,0.6876095,0.042145785,0.26969725,1.7711394e-06,0.0005457232
/kaggle/input/datasets/samjohnstonc/ddr-prepared/data/organized/ddr/test/2_Moderate/20170616090802344.jpg,2,Moderate,0,No_DR,0.52433234,0.52433234,0.18445592,0.28847498,0.00030015173,0.0024366458
/kaggle/input/datasets/samjohnstonc/ddr-prepared/data/organized/ddr/test/2_Moderate/20170618085027145.jpg,2,Moderate,0,No_DR,0.8213742,0.8213742,0.05049484,0.12809439,2.3709687e-05,1.2951915e-05
/kaggle/input/datasets/samjohnstonc/ddr-prepared/data/organized/ddr/test/2_Moderate/20170618221747607.jpg,2,Moderate,0,No_DR,0.6732922,0.6732922,0.033454537,0.2932492,3.2675532e-06,8.3608955e-07
/kaggle/input/datasets/samjohnstonc/ddr-prepared/data/organized/ddr/test/2_Moderate/20170620092120382.jpg,2,Moderate,0,No_DR,0.53137773,0.53137773,0.000698905,0.4679155,7.75429e-06,1.1157778e-07
/kaggle/input/datasets/samjohnstonc/ddr-prepared/data/organized/ddr/test/2_Moderate/20170622080754772.jpg,2,Moderate,0,No_DR,0.9256942,0.9256942,0.019899057,0.05439332,1.2048269e-05,1.2794037e-06
/kaggle/input/datasets/samjohnstonc/ddr-prepared/data/organized/ddr/test/2_Moderate/20170627091345662.jpg,2,Moderate,0,No_DR,0.84076077,0.84076077,0.0565033,0.1023515,8.1565355e-05,0.00030288694
/kaggle/input/datasets/samjohnstonc/ddr-prepared/data/organized/ddr/test/3_Severe/007-4381-200.jpg,3,Severe,4,Proliferative_DR,0.98556966,0.00021632537,5.441111e-08,0.0062376256,0.007976386,0.98556966
/kaggle/input/datasets/samjohnstonc/ddr-prepared/data/organized/ddr/test/3_Severe/007-4825-300.jpg,3,Severe,2,Moderate,0.8797782,0.1164021,0.0038119073,0.8797782,2.9100274e-06,4.83585e-06
/kaggle/input/datasets/samjohnstonc/ddr-prepared/data/organized/ddr/test/3_Severe/007-5334-300.jpg,3,Severe,2,Moderate,0.8973809,0.0005228676,8.160555e-06,0.8973809,0.10206821,1.9771694e-05
/kaggle/input/datasets/samjohnstonc/ddr-prepared/data/organized/ddr/test/3_Severe/007-5556-300.jpg,3,Severe,2,Moderate,0.99060506,0.0035436735,0.0019371184,0.99060506,0.003716888,0.0001972958
/kaggle/input/datasets/samjohnstonc/ddr-prepared/data/organized/ddr/test/3_Severe/007-5673-300.jpg,3,Severe,2,Moderate,0.9805698,2.6119302e-05,0.002015214,0.9805698,8.766765e-05,0.017301187
/kaggle/input/datasets/samjohnstonc/ddr-prepared/data/organized/ddr/test/3_Severe/007-5775-300.jpg,3,Severe,4,Proliferative_DR,0.9103874,0.0039321044,0.051906455,0.011872546,0.021901414,0.9103874
/kaggle/input/datasets/samjohnstonc/ddr-prepared/data/organized/ddr/test/3_Severe/007-6410-400.jpg,3,Severe,4,Proliferative_DR,0.99568367,1.0801457e-06,1.8358038e-05,0.00062448526,0.0036725134,0.99568367
/kaggle/input/datasets/samjohnstonc/ddr-prepared/data/organized/ddr/test/3_Severe/20170502103235986.jpg,3,Severe,2,Moderate,0.9807922,0.0023895209,0.015815029,0.9807922,0.0009936237,9.562295e-06
/kaggle/input/datasets/samjohnstonc/ddr-prepared/data/organized/ddr/test/3_Severe/20170519093847278.jpg,3,Severe,2,Moderate,0.9349172,0.0002162528,0.04370811,0.9349172,0.0021065439,0.01905193
/kaggle/input/datasets/samjohnstonc/ddr-prepared/data/organized/ddr/test/3_Severe/20170522144205431.jpg,3,Severe,2,Moderate,0.9952673,0.0020917954,0.0021364116,0.9952673,0.00044182176,6.270173e-05
/kaggle/input/datasets/samjohnstonc/ddr-prepared/data/organized/ddr/test/3_Severe/20170602155248106.jpg,3,Severe,2,Moderate,0.9819087,0.00016297276,0.00012819246,0.9819087,0.011399044,0.0064010685
/kaggle/input/datasets/samjohnstonc/ddr-prepared/data/organized/ddr/test/3_Severe/20170616112827989.jpg,3,Severe,2,Moderate,0.98901105,0.002410571,7.618572e-05,0.98901105,0.008480793,2.1359245e-05
/kaggle/input/datasets/samjohnstonc/ddr-prepared/data/organized/ddr/test/3_Severe/20170622080837660.jpg,3,Severe,2,Moderate,0.9769932,0.0029799403,0.0015656746,0.9769932,0.018459013,2.2087436e-06
/kaggle/input/datasets/samjohnstonc/ddr-prepared/data/organized/ddr/test/3_Severe/20170627103155245.jpg,3,Severe,2,Moderate,0.7499964,0.17301689,0.06700964,0.7499964,0.0031918786,0.0067852195
/kaggle/input/datasets/samjohnstonc/ddr-prepared/data/organized/ddr/test/3_Severe/20170627170651362.jpg,3,Severe,2,Moderate,0.9926617,0.00016832557,0.0057166647,0.9926617,0.0014532501,9.214815e-08
/kaggle/input/datasets/samjohnstonc/ddr-prepared/data/organized/ddr/test/4_Proliferative_DR/007-6474-400.jpg,4,Proliferative_DR,2,Moderate,0.9993679,5.6551045e-05,1.6059118e-06,0.9993679,0.00039374668,0.00018013683
/kaggle/input/datasets/samjohnstonc/ddr-prepared/data/organized/ddr/test/4_Proliferative_DR/007-6864-400.jpg,4,Proliferative_DR,2,Moderate,0.7769139,0.07416888,0.0005367309,0.7769139,8.539925e-05,0.1482951
/kaggle/input/datasets/samjohnstonc/ddr-prepared/data/organized/ddr/test/4_Proliferative_DR/007-6884-400.jpg,4,Proliferative_DR,2,Moderate,0.61625916,0.3794987,0.00014271108,0.61625916,5.346447e-05,0.00404599
/kaggle/input/datasets/samjohnstonc/ddr-prepared/data/organized/ddr/test/4_Proliferative_DR/007-6892-400.jpg,4,Proliferative_DR,2,Moderate,0.89647216,0.0044763563,0.00046658918,0.89647216,0.00035616642,0.09822872
/kaggle/input/datasets/samjohnstonc/ddr-prepared/data/organized/ddr/test/4_Proliferative_DR/007-6915-400.jpg,4,Proliferative_DR,0,No_DR,0.7008663,0.7008663,0.14843413,0.12639429,1.0169e-06,0.024304364
/kaggle/input/datasets/samjohnstonc/ddr-prepared/data/organized/ddr/test/4_Proliferative_DR/007-7005-400.jpg,4,Proliferative_DR,2,Moderate,0.70544404,0.0031850557,7.365487e-05,0.70544404,7.3846667e-07,0.29129645
/kaggle/input/datasets/samjohnstonc/ddr-prepared/data/organized/ddr/test/4_Proliferative_DR/007-7040-400.jpg,4,Proliferative_DR,2,Moderate,0.6261126,0.31847495,0.00029793996,0.6261126,7.547152e-05,0.055039007
/kaggle/input/datasets/samjohnstonc/ddr-prepared/data/organized/ddr/test/4_Proliferative_DR/007-7059-400.jpg,4,Proliferative_DR,1,Mild,0.8037913,0.007538099,0.8037913,0.17410606,0.0007734199,0.01379106
/kaggle/input/datasets/samjohnstonc/ddr-prepared/data/organized/ddr/test/4_Proliferative_DR/007-7100-400.jpg,4,Proliferative_DR,2,Moderate,0.99487936,0.003785814,0.00021850836,0.99487936,1.0066766e-06,0.0011152468
/kaggle/input/datasets/samjohnstonc/ddr-prepared/data/organized/ddr/test/4_Proliferative_DR/007-7129-400.jpg,4,Proliferative_DR,2,Moderate,0.88068837,0.001621875,0.090897664,0.88068837,9.193179e-06,0.026782889
/kaggle/input/datasets/samjohnstonc/ddr-prepared/data/organized/ddr/test/4_Proliferative_DR/007-7131-400.jpg,4,Proliferative_DR,2,Moderate,0.98204803,0.0008256717,4.0732342e-05,0.98204803,0.00039136235,0.016694257
/kaggle/input/datasets/samjohnstonc/ddr-prepared/data/organized/ddr/test/4_Proliferative_DR/007-7176-400.jpg,4,Proliferative_DR,2,Moderate,0.9850109,0.00016679517,2.1948094e-06,0.9850109,1.8357339e-08,0.014820062
/kaggle/input/datasets/samjohnstonc/ddr-prepared/data/organized/ddr/test/4_Proliferative_DR/007-7215-400.jpg,4,Proliferative_DR,2,Moderate,0.9905815,0.00081348413,3.7297225e-06,0.9905815,1.5387623e-07,0.008601078
