epoch,lr,train_loss,train_accuracy,train_precision_macro,train_recall_macro,train_f1_macro,train_precision_weighted,train_recall_weighted,train_f1_weighted,train_balanced_accuracy,train_kappa,train_mcc,val_loss,val_accuracy,val_precision_macro,val_recall_macro,val_f1_macro,val_precision_weighted,val_recall_weighted,val_f1_weighted,val_balanced_accuracy,val_kappa,val_mcc
1,0.0001,1.0889557712908493,0.5337627050417632,0.5231771840347232,0.5338520796665079,0.5255213693369524,0.5231768407689695,0.5337627050417632,0.5254646227912997,0.5338520796665079,0.4172057111462223,0.4184624243394467,0.8869329801312199,0.643317230273752,0.4854021258680417,0.6087502775002774,0.48337471308191954,0.7292582364754523,0.643317230273752,0.6509281395364119,0.6087502775002774,0.45785301493302055,0.4752281662582946
2,0.0001,0.8764648486685679,0.6278554895843816,0.6235380579594143,0.628533383661921,0.6248736489761374,0.6230587994613406,0.6278554895843816,0.6242935985358568,0.628533383661921,0.5348459880801821,0.535420051853074,0.8290213227463997,0.6545893719806763,0.549333055421512,0.6628149628149629,0.5575355609088787,0.7596864528683793,0.6545893719806763,0.6823617832864085,0.6628149628149629,0.4883814271832354,0.505581286455728
3,0.0001,0.7774310313060968,0.676059172788568,0.6704171509341587,0.6758782132840236,0.6715199028732698,0.6701938630300026,0.676059172788568,0.6715082506925593,0.6758782132840236,0.594992179145647,0.5957825204790195,0.8193144322929367,0.6521739130434783,0.5400430080990193,0.6646690115440116,0.5503619819636251,0.7735503311009625,0.6521739130434783,0.6887373795684237,0.6646690115440116,0.4957643923260976,0.5151811159656863
4,0.0001,0.7171531543892923,0.7082620509208011,0.7030922627607679,0.7073050341485158,0.7029883030615239,0.7032042510148787,0.7082620509208011,0.7035588321940998,0.7073050341485158,0.6351734856949143,0.6362124547999481,0.7601873744849038,0.7012882447665056,0.5739966916576724,0.6198606948606948,0.5626557112927733,0.7859522476897467,0.7012882447665056,0.7162566967875054,0.6198606948606948,0.5381502032699601,0.5558463026163082
5,0.0001,0.6643302709005171,0.7263761698701822,0.7242278563981572,0.7277697972975524,0.724182412787714,0.7230116023864631,0.7263761698701822,0.7228577376948448,0.7277697972975524,0.6579822217916063,0.6589059574893202,0.8323894199013901,0.6481481481481481,0.5658283746542031,0.6574914668664669,0.5455658308494634,0.7880148041598123,0.6481481481481481,0.6807480345008493,0.6574914668664669,0.48574254817782225,0.5110478332554262
6,0.0001,0.6114032946806672,0.7480124786152762,0.7445885587001343,0.7470975205796849,0.7438527140933819,0.7454960314986476,0.7480124786152762,0.7447689165512064,0.7470975205796849,0.6850127105763416,0.6860173404432628,0.7643637923034877,0.679549114331723,0.5735779067970587,0.6825989982239983,0.5796752530549134,0.7952677025007606,0.679549114331723,0.7122345642204978,0.6825989982239983,0.5290546623794212,0.5487088952041523
7,0.0001,0.5827130061994439,0.7632082117339237,0.7606708723983502,0.7639956907546994,0.7605760837305529,0.7603697032791266,0.7632082117339237,0.7600153932531895,0.7639956907546994,0.7040569471031889,0.7049351059128918,0.764498777459593,0.6658615136876006,0.5383172945900568,0.6306998556998558,0.5459900949358782,0.7697543162085798,0.6658615136876006,0.6992779732430816,0.6306998556998558,0.5075318213000632,0.5232506428267667
8,0.0001,0.5364791791636039,0.7843413505082016,0.781135139832984,0.7841575001988698,0.7811701488370874,0.7821453899867538,0.7843413505082016,0.7817692295793569,0.7841575001988698,0.7304586522321888,0.7311996909696038,0.7364181646306349,0.6908212560386473,0.5645475540968586,0.6136807636807637,0.5586491388979701,0.7935804851321484,0.6908212560386473,0.7280878072101987,0.6136807636807637,0.5403497916805209,0.5551839829543729
9,0.0001,0.51151754449548,0.7915869980879541,0.78923921109651,0.7913790509717068,0.7888716924834828,0.7898715873790628,0.7915869980879541,0.7892875038105228,0.7913790509717068,0.7395044658542884,0.7402404177611961,0.7348298881556868,0.7020933977455717,0.5809036138984925,0.6460907148407149,0.5818771123047586,0.7840048367020663,0.7020933977455717,0.7288534669023979,0.6460907148407149,0.5464119819725561,0.5575148837622718
10,0.0001,0.4751885363282339,0.8104055549964778,0.8089526201334982,0.8110608093740079,0.8086970349674998,0.8089309948153646,0.8104055549964778,0.8083480356104358,0.8110608093740079,0.7630524728442554,0.7637300091822699,0.6899805840542735,0.7383252818035426,0.611744765243754,0.6563433094683094,0.6104624395584385,0.7961365756925594,0.7383252818035426,0.7537576994250217,0.6563433094683094,0.5901834909889101,0.5999567037260637
11,0.0001,0.45400301704371226,0.8213746603602697,0.8201322520230183,0.8218409138538976,0.8201813073321752,0.820050029623841,0.8213746603602697,0.8199019331692483,0.8218409138538976,0.7767433396368939,0.7771626563901746,0.763270225573853,0.7045088566827697,0.5619363613107506,0.5897061272061273,0.5495835344490907,0.7933771649548618,0.7045088566827697,0.7309267244706846,0.5897061272061273,0.548287101406332,0.5621580347980819
12,0.0001,0.44009504335512273,0.8229848042668814,0.8209193885398122,0.8215063721429419,0.8201164297891126,0.8219150616328035,0.8229848042668814,0.8213620883310152,0.8215063721429419,0.7786847526647259,0.7792431887000221,0.6948757410385374,0.7230273752012882,0.5820502705480581,0.6431270118770118,0.590652646478612,0.7845881478044159,0.7230273752012882,0.7437473283152148,0.6431270118770118,0.571487029711709,0.5791507521885553
13,0.0001,0.42418612790345256,0.83385327563651,0.831800636693228,0.8333853149137417,0.8314072789241239,0.8330142948681689,0.83385327563651,0.8322523127480489,0.8333853149137417,0.7923417195777371,0.792940136033716,0.7150153773994261,0.7230273752012882,0.5674949846901066,0.5916177572427572,0.5642782244295567,0.7741359333883193,0.7230273752012882,0.7432767951056226,0.5916177572427572,0.5714887488315554,0.5763997533513028
14,0.0001,0.40048797665388997,0.8413001912045889,0.840445915885099,0.8414698755420258,0.8398451586887029,0.8397772666084857,0.8413001912045889,0.8394289751745986,0.8414698755420258,0.8015818249692183,0.8021485270883671,0.6745563057549717,0.7471819645732689,0.5577526889302017,0.572562506937507,0.5535487127338631,0.7790227507208748,0.7471819645732689,0.7584534033107845,0.572562506937507,0.600166089965398,0.6036779678955826
15,5e-05,0.3544582555480463,0.866458689745396,0.8661886523609663,0.866708439992717,0.8650990490305592,0.8660856307272047,0.866458689745396,0.8649158916499815,0.866708439992717,0.8330706738214974,0.8337489243492199,0.6714990069780756,0.7624798711755234,0.6126229562643528,0.5792447136197135,0.5790910682591914,0.788973706539038,0.7624798711755234,0.7716898813319711,0.5792447136197135,0.6199072772522198,0.6225286178716558
16,5e-05,0.33032825026243906,0.8714903894535574,0.8712144992285271,0.8713517530326353,0.8701552728525286,0.8708810607305314,0.8714903894535574,0.8700579016914765,0.8713517530326353,0.8393345712987612,0.8399100514219136,0.6934359271121294,0.7616747181964574,0.5757090127187883,0.584731587856588,0.5737309152473532,0.7914152515868494,0.7616747181964574,0.7730352074102605,0.584731587856588,0.6205927155188428,0.6234906215951161
17,5e-05,0.3162405701054046,0.8803461809399215,0.8795288824592185,0.8798163693154528,0.8788374041596612,0.8796178663350305,0.8803461809399215,0.8791602898083838,0.8798163693154528,0.8503934507314057,0.8507999918177163,0.6690252314827101,0.7737520128824477,0.6230840864407656,0.650545288045288,0.6296075113918359,0.8011109579949922,0.7737520128824477,0.7853205190839428,0.650545288045288,0.6420191236596309,0.6435822491662402
18,5e-05,0.31038328075812016,0.882761396799839,0.8831713041241395,0.8838171658736591,0.8828140108663959,0.88231930683712,0.882761396799839,0.881844317491785,0.8838171658736591,0.8534463562067529,0.8538085919944675,0.6932174694182984,0.7721417069243156,0.5934757538543858,0.6035232128982129,0.589476916996917,0.7947359294249144,0.7721417069243156,0.7806346152584783,0.6035232128982129,0.6374496896280695,0.6394020084637536
19,5e-05,0.29017392810686404,0.8906108483445708,0.8902642369598368,0.8908332082178614,0.8898993342609947,0.8899823323769581,0.8906108483445708,0.8896420759516861,0.8908332082178614,0.8632551939071235,0.8635898875414286,0.7249842271232758,0.7616747181964574,0.6152577247816196,0.5992538711288711,0.5952071665051744,0.7936360643185794,0.7616747181964574,0.7731399367569634,0.5992538711288711,0.6199887536385287,0.623379675714445
20,5e-05,0.2784861057975756,0.893327966186978,0.8924490813102466,0.8927930425297284,0.8918348672173178,0.8928159969337651,0.893327966186978,0.8922942085517065,0.8927930425297284,0.8666501986329962,0.8670400001495576,0.7253132855666624,0.7689210950080515,0.6148567637071963,0.6127278971028971,0.6009939896870472,0.7991672963907401,0.7689210950080515,0.7799288445324589,0.6127278971028971,0.6324011376925631,0.6351865971589409
21,5e-05,0.2849478374199811,0.8917178222803663,0.8910760126864645,0.8914471388516763,0.8904816981214747,0.8910947638369616,0.8917178222803663,0.8906285275572594,0.8914471388516763,0.8646351950326102,0.8650197230551585,0.7496323793310666,0.7455716586151369,0.6188957159305707,0.6311285936285935,0.6072651073693479,0.8018579839637003,0.7455716586151369,0.7676372052552317,0.6311285936285935,0.6068135802753603,0.6128206546144777
22,2.5e-05,0.2599174028984723,0.9039951695682802,0.9035244372771436,0.9044192818706158,0.9034683835002701,0.9036605411528935,0.9039951695682802,0.9033182643384055,0.9044192818706158,0.8800061820265047,0.8802673731202738,0.6737802283967367,0.7898550724637681,0.6490361672329794,0.6195918664668664,0.6233101915608387,0.8057614502921903,0.7898550724637681,0.7958285183151419,0.6195918664668664,0.662254553638222,0.6632074453744146
23,2.5e-05,0.24353434185788847,0.9081211633289725,0.9074210370926619,0.9078168899156104,0.9070830099728363,0.9077878006695047,0.9081211633289725,0.9074144235738753,0.9078168899156104,0.8851452905938474,0.885417753945017,0.7083182458236406,0.784219001610306,0.6355055132887888,0.6145892302142302,0.6196832440469624,0.797505005198419,0.784219001610306,0.7874268093403788,0.6145892302142302,0.6491762087050371,0.65207945454366
24,2.5e-05,0.24269796345115632,0.9079198953406461,0.9080856668625163,0.9090572734986463,0.9081696696416633,0.9073360339704204,0.9079198953406461,0.9072154721074988,0.9090572734986463,0.8848999971048896,0.8851136205576763,0.7171699860269705,0.782608695652174,0.6430598881605659,0.628116328116328,0.624098171623187,0.8122743340269002,0.782608695652174,0.7933485880824239,0.628116328116328,0.6528456429198483,0.6558401776848395
25,2.5e-05,0.2440670556773527,0.9106370131830532,0.9112557493812876,0.911877570309314,0.9110772581942366,0.9104307267009193,0.9106370131830532,0.9100363944481406,0.911877570309314,0.8882978640583252,0.8885533979837102,0.6789517577095692,0.7898550724637681,0.6403317178648438,0.6363837551337552,0.6352498394257742,0.8022461654292652,0.7898550724637681,0.7951482764880092,0.6363837551337552,0.6617611766498119,0.6623371744468266
26,2.5e-05,0.23328537764690335,0.91053637918889,0.911126626781306,0.9103372433462145,0.9101249912354227,0.9102029042319378,0.91053637918889,0.9097668228461882,0.9103372433462145,0.8881029715929902,0.888403571093027,0.7014346240319299,0.78341384863124,0.6015697851695834,0.5765318015318015,0.5794295308250546,0.7926102313889735,0.78341384863124,0.7866009541354293,0.5765318015318015,0.6498034652998333,0.6503311593954578
27,2.5e-05,0.22800903789016028,0.9166750528328469,0.9162245439976671,0.9166442866953529,0.9160340412413135,0.9163583364784645,0.9166750528328469,0.9161204658645197,0.9166442866953529,0.8958388315588046,0.8960358045811754,0.6916481095115727,0.7818035426731079,0.6273398885758436,0.5827235264735264,0.5979590355376383,0.7919110342575577,0.7818035426731079,0.7856921562189589,0.5827235264735264,0.645966633252937,0.6462910501304907
28,2.5e-05,0.21310628958843456,0.9186877327161115,0.9179722164574882,0.9184974937211875,0.9179309212368407,0.9181332174824598,0.9186877327161115,0.9181111457876042,0.9184974937211875,0.8983505861178945,0.8984997164323033,0.7334674149751663,0.7866344605475041,0.6377807300249545,0.6318081224331225,0.630858548748048,0.8051551577909044,0.7866344605475041,0.7947313248540693,0.6318081224331225,0.6583966969940404,0.6591562528661525
29,2.5e-05,0.21850300818918647,0.9203985106168864,0.9203307716252762,0.9202418104507611,0.919962593442405,0.9201096226674427,0.9203985106168864,0.9199322026070003,0.9202418104507611,0.9004832788872799,0.9006445993837955,0.8117808994931587,0.7608695652173914,0.6263129014404182,0.6122932622932623,0.6076470956472148,0.8048653623957583,0.7608695652173914,0.7790245538482975,0.6122932622932623,0.6233389085963204,0.6267756983627523
30,1.25e-05,0.21294958943618644,0.9212035825701922,0.9218292555745056,0.9221819607085553,0.9217420189421872,0.9207557916045058,0.9212035825701922,0.920709787573243,0.9221819607085553,0.9014817263349759,0.9016215567727499,0.7915341724760099,0.7689210950080515,0.6329764425149181,0.5891171328671329,0.5889794950251022,0.8048949149188587,0.7689210950080515,0.7822476421336862,0.5891171328671329,0.6330421999308198,0.6358009352579991
31,1.25e-05,0.202801966764347,0.9261346482841905,0.9256541907802059,0.9263051565379554,0.9257137861988671,0.9258975108721751,0.9261346482841905,0.9257491985067471,0.9263051565379554,0.9076735520127555,0.9078086786822847,0.7262773973306405,0.782608695652174,0.6089742344424292,0.5931235431235431,0.5961196216844831,0.7911728830752751,0.782608695652174,0.7856668531513454,0.5931235431235431,0.6479691618718291,0.6487168533697734
32,1.25e-05,0.20759052839859327,0.9232162624534568,0.9221833423269812,0.9222747199265806,0.9218533572062986,0.9227086191728434,0.9232162624534568,0.9225952806813644,0.9222747199265806,0.9040001046360268,0.9041807141749386,0.6944265065177819,0.7898550724637681,0.618575661664566,0.6201492951492951,0.6178150536688548,0.7990161389104233,0.7898550724637681,0.7938943802592185,0.6201492951492951,0.6607494945181911,0.6610917229053639
33,1.25e-05,0.19489552345004277,0.9277447921908021,0.9279992242350834,0.9283141388967902,0.9278857788812607,0.9273849422262198,0.9277447921908021,0.9272912474472409,0.9283141388967902,0.9096744930366878,0.9098133108650677,0.7312365322345313,0.784219001610306,0.6303688584014906,0.5969703907203907,0.6083868088710177,0.7907459308536776,0.784219001610306,0.7865978169515929,0.5969703907203907,0.6497635144022096,0.6499865542593005
34,6.25e-06,0.20159331874023492,0.9234175304417832,0.9226246955041987,0.9234544102722244,0.9225690011885515,0.9231252157570051,0.9234175304417832,0.9227984290085316,0.9234544102722244,0.9042724738801401,0.9045086608185183,0.7362504989964567,0.7769726247987118,0.6304477978581278,0.6171821234321234,0.6123599346406222,0.7983370831116345,0.7769726247987118,0.7849590854874612,0.6171821234321234,0.6435711880649589,0.6451789643757657
35,6.25e-06,0.201791506406466,0.9241219684009259,0.9244476621625857,0.9248897607912852,0.9242421769880215,0.9238165381537076,0.9241219684009259,0.9235391879437662,0.9248897607912852,0.9051514780986192,0.9053687204843955,0.7346134126282352,0.7898550724637681,0.6204554793053522,0.572971472971473,0.5881158988429125,0.789449335679294,0.7898550724637681,0.7879440621612274,0.572971472971473,0.6546191842005447,0.6556255569415447
