image_path,true_label,predicted_label,confidence,correct,prob_0_No_DR,prob_1_Mild,prob_2_Moderate,prob_3_Severe,prob_4_Proliferative_DR
/kaggle/input/datasets/samjohnstonc/ddr-prepared/data/organized/ddr/test/0_No_DR/007-0126-000.jpg,0_No_DR,1_Mild,0.8113687,False,0.15065011,0.8113687,0.037980497,2.661363e-07,4.3460003e-07
/kaggle/input/datasets/samjohnstonc/ddr-prepared/data/organized/ddr/test/0_No_DR/007-0165-000.jpg,0_No_DR,2_Moderate,0.7896791,False,0.20987211,0.00043561522,0.7896791,2.0067502e-07,1.2976151e-05
/kaggle/input/datasets/samjohnstonc/ddr-prepared/data/organized/ddr/test/0_No_DR/007-0455-000.jpg,0_No_DR,2_Moderate,0.63886094,False,0.3598426,0.0012087125,0.63886094,4.7533737e-05,4.01552e-05
/kaggle/input/datasets/samjohnstonc/ddr-prepared/data/organized/ddr/test/0_No_DR/007-0531-000.jpg,0_No_DR,2_Moderate,0.61029917,False,0.35376787,0.03592606,0.61029917,3.0149263e-08,6.8474906e-06
/kaggle/input/datasets/samjohnstonc/ddr-prepared/data/organized/ddr/test/0_No_DR/007-0648-000.jpg,0_No_DR,2_Moderate,0.9523584,False,0.047636326,5.759463e-07,0.9523584,9.4092584e-08,4.5978763e-06
/kaggle/input/datasets/samjohnstonc/ddr-prepared/data/organized/ddr/test/0_No_DR/007-0672-000.jpg,0_No_DR,1_Mild,0.63112026,False,0.3601257,0.63112026,0.008753984,7.368918e-10,2.4153422e-08
/kaggle/input/datasets/samjohnstonc/ddr-prepared/data/organized/ddr/test/0_No_DR/007-0897-000.jpg,0_No_DR,1_Mild,0.8260341,False,0.16595395,0.8260341,0.008009641,3.356999e-07,2.0177179e-06
/kaggle/input/datasets/samjohnstonc/ddr-prepared/data/organized/ddr/test/0_No_DR/007-1105-000.jpg,0_No_DR,2_Moderate,0.9600278,False,0.03477163,5.140952e-05,0.9600278,4.3187444e-07,0.0051486553
/kaggle/input/datasets/samjohnstonc/ddr-prepared/data/organized/ddr/test/0_No_DR/007-1378-000.jpg,0_No_DR,2_Moderate,0.7314077,False,0.2574255,0.0111611895,0.7314077,6.7896457e-09,5.631668e-06
/kaggle/input/datasets/samjohnstonc/ddr-prepared/data/organized/ddr/test/0_No_DR/007-1602-000.jpg,0_No_DR,1_Mild,0.7366305,False,0.17358693,0.7366305,0.08978214,2.9250886e-08,4.7174294e-07
/kaggle/input/datasets/samjohnstonc/ddr-prepared/data/organized/ddr/test/0_No_DR/007-1725-000.jpg,0_No_DR,2_Moderate,0.9925904,False,0.0023400045,0.0014576594,0.9925904,0.0036077139,4.1054204e-06
/kaggle/input/datasets/samjohnstonc/ddr-prepared/data/organized/ddr/test/0_No_DR/007-1849-100.jpg,0_No_DR,2_Moderate,0.9835238,False,0.009238884,0.0068423874,0.9835238,0.0003705551,2.4428433e-05
/kaggle/input/datasets/samjohnstonc/ddr-prepared/data/organized/ddr/test/0_No_DR/007-1930-100.jpg,0_No_DR,1_Mild,0.9584146,False,0.015267945,0.9584146,0.02631676,7.028091e-07,3.8645247e-08
/kaggle/input/datasets/samjohnstonc/ddr-prepared/data/organized/ddr/test/0_No_DR/007-1982-100.jpg,0_No_DR,2_Moderate,0.8873789,False,0.11234732,3.0795887e-05,0.8873789,5.286066e-07,0.0002424979
/kaggle/input/datasets/samjohnstonc/ddr-prepared/data/organized/ddr/test/0_No_DR/007-1993-100.jpg,0_No_DR,2_Moderate,0.9929263,False,0.007072612,8.819271e-08,0.9929263,4.485976e-07,4.6836132e-07
/kaggle/input/datasets/samjohnstonc/ddr-prepared/data/organized/ddr/test/0_No_DR/007-2180-100.jpg,0_No_DR,2_Moderate,0.90205216,False,0.09656179,0.0013850466,0.90205216,6.143645e-07,3.3853058e-07
/kaggle/input/datasets/samjohnstonc/ddr-prepared/data/organized/ddr/test/0_No_DR/007-2352-100.jpg,0_No_DR,1_Mild,0.9951074,False,0.00021640846,0.9951074,0.003916292,0.00075849204,1.4105811e-06
/kaggle/input/datasets/samjohnstonc/ddr-prepared/data/organized/ddr/test/0_No_DR/007-2358-100.jpg,0_No_DR,2_Moderate,0.7909716,False,0.20899217,1.9027559e-05,0.7909716,9.137426e-09,1.7155135e-05
/kaggle/input/datasets/samjohnstonc/ddr-prepared/data/organized/ddr/test/0_No_DR/007-2606-100.jpg,0_No_DR,2_Moderate,0.76107585,False,0.23815022,0.0006089611,0.76107585,1.9848244e-07,0.00016473953
/kaggle/input/datasets/samjohnstonc/ddr-prepared/data/organized/ddr/test/0_No_DR/007-2959-100.jpg,0_No_DR,2_Moderate,0.56958276,False,0.36634353,0.0638785,0.56958276,0.00019263754,2.6064924e-06
/kaggle/input/datasets/samjohnstonc/ddr-prepared/data/organized/ddr/test/0_No_DR/007-3037-100.jpg,0_No_DR,1_Mild,0.9874379,False,0.0035038241,0.9874379,0.008668955,0.0003600191,2.9313383e-05
/kaggle/input/datasets/samjohnstonc/ddr-prepared/data/organized/ddr/test/0_No_DR/007-3270-100.jpg,0_No_DR,2_Moderate,0.9994185,False,0.0005355471,4.0539042e-05,0.9994185,1.0274689e-06,4.366458e-06
/kaggle/input/datasets/samjohnstonc/ddr-prepared/data/organized/ddr/test/0_No_DR/007-7367-601.jpg,0_No_DR,2_Moderate,0.9101018,False,0.08942572,0.00047080696,0.9101018,1.6824041e-06,4.4557485e-08
/kaggle/input/datasets/samjohnstonc/ddr-prepared/data/organized/ddr/test/0_No_DR/007-7599-601.jpg,0_No_DR,1_Mild,0.48045632,False,0.4541087,0.48045632,0.06543448,3.8850704e-08,5.090547e-07
/kaggle/input/datasets/samjohnstonc/ddr-prepared/data/organized/ddr/test/0_No_DR/007-8236-602.jpg,0_No_DR,2_Moderate,0.59464884,False,0.4051555,2.008934e-05,0.59464884,1.186355e-06,0.00017440203
/kaggle/input/datasets/samjohnstonc/ddr-prepared/data/organized/ddr/test/0_No_DR/007-8421-603.jpg,0_No_DR,2_Moderate,0.608516,False,0.023425827,0.0010819592,0.608516,2.7026845e-05,0.36694923
/kaggle/input/datasets/samjohnstonc/ddr-prepared/data/organized/ddr/test/0_No_DR/20161115165015457.jpg,0_No_DR,1_Mild,0.6030846,False,0.16698955,0.6030846,0.22987601,3.9732415e-05,1.0065874e-05
/kaggle/input/datasets/samjohnstonc/ddr-prepared/data/organized/ddr/test/0_No_DR/20170122153156719.jpg,0_No_DR,1_Mild,0.6375815,False,0.3418683,0.6375815,0.020549385,5.634417e-07,2.711096e-07
/kaggle/input/datasets/samjohnstonc/ddr-prepared/data/organized/ddr/test/0_No_DR/20170224145117874.jpg,0_No_DR,2_Moderate,0.70200336,False,0.25320792,0.04478386,0.70200336,7.2562915e-07,4.0925524e-06
/kaggle/input/datasets/samjohnstonc/ddr-prepared/data/organized/ddr/test/0_No_DR/20170224160919351.jpg,0_No_DR,1_Mild,0.82863754,False,0.15663303,0.82863754,0.014726818,4.195271e-07,2.1304613e-06
/kaggle/input/datasets/samjohnstonc/ddr-prepared/data/organized/ddr/test/0_No_DR/20170227103129077.jpg,0_No_DR,1_Mild,0.7008033,False,0.27976546,0.7008033,0.019431053,1.2588852e-07,2.7514194e-08
/kaggle/input/datasets/samjohnstonc/ddr-prepared/data/organized/ddr/test/0_No_DR/20170328114714967.jpg,0_No_DR,2_Moderate,0.9884546,False,0.011445473,6.433787e-05,0.9884546,3.5003355e-05,6.0486485e-07
/kaggle/input/datasets/samjohnstonc/ddr-prepared/data/organized/ddr/test/0_No_DR/20170330095646694.jpg,0_No_DR,2_Moderate,0.5052202,False,0.4680822,0.026573978,0.5052202,0.00012228957,1.3470222e-06
/kaggle/input/datasets/samjohnstonc/ddr-prepared/data/organized/ddr/test/0_No_DR/20170406083853913.jpg,0_No_DR,1_Mild,0.8531953,False,0.1366457,0.8531953,0.010156794,1.2592722e-07,2.0837572e-06
/kaggle/input/datasets/samjohnstonc/ddr-prepared/data/organized/ddr/test/0_No_DR/20170409200955120.jpg,0_No_DR,2_Moderate,0.46163294,False,0.3832825,0.15508354,0.46163294,1.535376e-07,8.2570654e-07
/kaggle/input/datasets/samjohnstonc/ddr-prepared/data/organized/ddr/test/0_No_DR/20170412113143166.jpg,0_No_DR,1_Mild,0.8632496,False,0.13404988,0.8632496,0.0026949549,4.679959e-06,9.936707e-07
/kaggle/input/datasets/samjohnstonc/ddr-prepared/data/organized/ddr/test/0_No_DR/20170417083154677.jpg,0_No_DR,1_Mild,0.92296225,False,0.05210655,0.92296225,0.024930462,8.015045e-08,6.069778e-07
/kaggle/input/datasets/samjohnstonc/ddr-prepared/data/organized/ddr/test/0_No_DR/20170424161103442.jpg,0_No_DR,1_Mild,0.98233783,False,0.01562169,0.98233783,0.0019340537,0.00010409489,2.3297355e-06
/kaggle/input/datasets/samjohnstonc/ddr-prepared/data/organized/ddr/test/0_No_DR/20170425160957895.jpg,0_No_DR,1_Mild,0.7727527,False,0.20233127,0.7727527,0.02491456,1.5140564e-07,1.2335593e-06
/kaggle/input/datasets/samjohnstonc/ddr-prepared/data/organized/ddr/test/0_No_DR/20170427085054752.jpg,0_No_DR,2_Moderate,0.6225162,False,0.37213236,0.0053510577,0.6225162,2.779725e-08,2.5752436e-07
/kaggle/input/datasets/samjohnstonc/ddr-prepared/data/organized/ddr/test/0_No_DR/20170429203054497.jpg,0_No_DR,2_Moderate,0.5712057,False,0.42855528,1.6539287e-05,0.5712057,0.00020995222,1.256438e-05
/kaggle/input/datasets/samjohnstonc/ddr-prepared/data/organized/ddr/test/0_No_DR/20170430152855898.jpg,0_No_DR,2_Moderate,0.983973,False,0.015851747,7.816981e-06,0.983973,0.00016399947,3.3758117e-06
/kaggle/input/datasets/samjohnstonc/ddr-prepared/data/organized/ddr/test/1_Mild/007-0725-000.jpg,1_Mild,0_No_DR,0.74293834,False,0.74293834,0.008073687,0.2489823,7.5533114e-07,4.8770567e-06
/kaggle/input/datasets/samjohnstonc/ddr-prepared/data/organized/ddr/test/1_Mild/007-0907-000.jpg,1_Mild,0_No_DR,0.8024771,False,0.8024771,0.010401259,0.1870746,3.507157e-05,1.1932784e-05
/kaggle/input/datasets/samjohnstonc/ddr-prepared/data/organized/ddr/test/1_Mild/007-1229-000.jpg,1_Mild,0_No_DR,0.8584873,False,0.8584873,0.032711018,0.108798966,8.6642916e-07,1.9029975e-06
/kaggle/input/datasets/samjohnstonc/ddr-prepared/data/organized/ddr/test/1_Mild/007-1791-100.jpg,1_Mild,0_No_DR,0.8126047,False,0.8126047,0.00040660193,0.18698688,8.824138e-09,1.8842753e-06
/kaggle/input/datasets/samjohnstonc/ddr-prepared/data/organized/ddr/test/1_Mild/007-1801-100.jpg,1_Mild,2_Moderate,0.5442575,False,0.4536681,0.00049419637,0.5442575,9.1324555e-06,0.0015710487
/kaggle/input/datasets/samjohnstonc/ddr-prepared/data/organized/ddr/test/1_Mild/007-1865-100.jpg,1_Mild,0_No_DR,0.74941915,False,0.74941915,0.016034957,0.23423162,4.5877565e-05,0.0002683659
/kaggle/input/datasets/samjohnstonc/ddr-prepared/data/organized/ddr/test/1_Mild/007-1894-100.jpg,1_Mild,2_Moderate,0.9937552,False,0.005851629,0.00038219526,0.9937552,2.2080476e-06,8.745058e-06
/kaggle/input/datasets/samjohnstonc/ddr-prepared/data/organized/ddr/test/1_Mild/007-1896-100.jpg,1_Mild,3_Severe,0.49090096,False,0.0056030415,0.2760075,0.22748564,0.49090096,2.9069263e-06
/kaggle/input/datasets/samjohnstonc/ddr-prepared/data/organized/ddr/test/1_Mild/007-1904-100.jpg,1_Mild,2_Moderate,0.8854028,False,0.0073829386,0.10717221,0.8854028,3.6180224e-06,3.851933e-05
/kaggle/input/datasets/samjohnstonc/ddr-prepared/data/organized/ddr/test/1_Mild/007-1906-100.jpg,1_Mild,2_Moderate,0.9031163,False,0.06065236,0.036095444,0.9031163,2.2603044e-07,0.00013577226
/kaggle/input/datasets/samjohnstonc/ddr-prepared/data/organized/ddr/test/1_Mild/007-1912-100.jpg,1_Mild,2_Moderate,0.9572182,False,0.0073509263,0.035040334,0.9572182,0.0003831013,7.4657114e-06
/kaggle/input/datasets/samjohnstonc/ddr-prepared/data/organized/ddr/test/1_Mild/007-1920-100.jpg,1_Mild,2_Moderate,0.9983298,False,0.0016681163,1.8876725e-06,0.9983298,3.217758e-08,1.16332664e-07
/kaggle/input/datasets/samjohnstonc/ddr-prepared/data/organized/ddr/test/1_Mild/007-1962-100.jpg,1_Mild,2_Moderate,0.63578475,False,0.054471646,0.30969524,0.63578475,4.2706797e-05,5.636036e-06
/kaggle/input/datasets/samjohnstonc/ddr-prepared/data/organized/ddr/test/1_Mild/007-2000-100.jpg,1_Mild,0_No_DR,0.9494949,False,0.9494949,1.849296e-05,0.05047176,3.2951439e-06,1.1616541e-05
/kaggle/input/datasets/samjohnstonc/ddr-prepared/data/organized/ddr/test/1_Mild/007-2022-100.jpg,1_Mild,0_No_DR,0.9853157,False,0.9853157,0.00039577598,0.0142833,3.2633104e-06,2.0008804e-06
/kaggle/input/datasets/samjohnstonc/ddr-prepared/data/organized/ddr/test/1_Mild/007-2053-100.jpg,1_Mild,2_Moderate,0.5523703,False,0.23413394,0.21346945,0.5523703,2.606377e-05,1.9414331e-07
/kaggle/input/datasets/samjohnstonc/ddr-prepared/data/organized/ddr/test/1_Mild/007-2109-100.jpg,1_Mild,0_No_DR,0.78650224,False,0.78650224,0.00752689,0.20596959,1.175369e-06,4.8962825e-08
/kaggle/input/datasets/samjohnstonc/ddr-prepared/data/organized/ddr/test/1_Mild/007-2173-100.jpg,1_Mild,0_No_DR,0.81790715,False,0.81790715,0.106508255,0.0755827,1.6552157e-06,1.6481737e-07
/kaggle/input/datasets/samjohnstonc/ddr-prepared/data/organized/ddr/test/1_Mild/007-2185-100.jpg,1_Mild,2_Moderate,0.80921334,False,0.186683,0.0038825737,0.80921334,0.00021662982,4.4981225e-06
/kaggle/input/datasets/samjohnstonc/ddr-prepared/data/organized/ddr/test/1_Mild/007-2188-100.jpg,1_Mild,0_No_DR,0.9886332,False,0.9886332,0.0013633278,0.0100034885,6.61442e-08,3.8052452e-08
/kaggle/input/datasets/samjohnstonc/ddr-prepared/data/organized/ddr/test/1_Mild/007-2228-100.jpg,1_Mild,2_Moderate,0.6192285,False,0.11172436,0.24642153,0.6192285,0.000853105,0.021772442
/kaggle/input/datasets/samjohnstonc/ddr-prepared/data/organized/ddr/test/1_Mild/007-2232-100.jpg,1_Mild,2_Moderate,0.9468737,False,0.052757416,0.00036624735,0.9468737,2.802834e-07,2.3483963e-06
/kaggle/input/datasets/samjohnstonc/ddr-prepared/data/organized/ddr/test/1_Mild/007-2260-100.jpg,1_Mild,2_Moderate,0.982625,False,0.006992912,0.0057297586,0.982625,0.0046472014,5.1418983e-06
/kaggle/input/datasets/samjohnstonc/ddr-prepared/data/organized/ddr/test/1_Mild/007-2303-100.jpg,1_Mild,0_No_DR,0.5402586,False,0.5402586,0.0032480685,0.45647082,3.174426e-07,2.2157263e-05
/kaggle/input/datasets/samjohnstonc/ddr-prepared/data/organized/ddr/test/1_Mild/007-2359-100.jpg,1_Mild,0_No_DR,0.8778937,False,0.8778937,0.00016730693,0.12193806,5.3329717e-07,3.0070638e-07
/kaggle/input/datasets/samjohnstonc/ddr-prepared/data/organized/ddr/test/1_Mild/007-2362-100.jpg,1_Mild,0_No_DR,0.6669871,False,0.6669871,0.00074334274,0.33223918,1.7158862e-05,1.3132277e-05
/kaggle/input/datasets/samjohnstonc/ddr-prepared/data/organized/ddr/test/1_Mild/007-2386-100.jpg,1_Mild,0_No_DR,0.8577042,False,0.8577042,0.029134996,0.113154344,3.1737036e-06,3.2251119e-06
/kaggle/input/datasets/samjohnstonc/ddr-prepared/data/organized/ddr/test/1_Mild/007-2404-100.jpg,1_Mild,0_No_DR,0.9757809,False,0.9757809,8.049705e-05,0.024129111,8.020429e-06,1.4447976e-06
/kaggle/input/datasets/samjohnstonc/ddr-prepared/data/organized/ddr/test/1_Mild/007-2533-100.jpg,1_Mild,2_Moderate,0.9761686,False,0.022492541,0.0012511208,0.9761686,5.075902e-08,8.767199e-05
/kaggle/input/datasets/samjohnstonc/ddr-prepared/data/organized/ddr/test/1_Mild/007-2554-100.jpg,1_Mild,0_No_DR,0.9491748,False,0.9491748,0.006769216,0.044055913,8.4447915e-09,2.1719034e-08
/kaggle/input/datasets/samjohnstonc/ddr-prepared/data/organized/ddr/test/1_Mild/007-2567-100.jpg,1_Mild,2_Moderate,0.6276793,False,0.36688608,0.005405848,0.6276793,1.1868006e-05,1.6957483e-05
/kaggle/input/datasets/samjohnstonc/ddr-prepared/data/organized/ddr/test/1_Mild/007-2581-100.jpg,1_Mild,0_No_DR,0.4083364,False,0.4083364,0.00016275836,0.395915,0.00092763145,0.19465818
/kaggle/input/datasets/samjohnstonc/ddr-prepared/data/organized/ddr/test/1_Mild/007-2669-100.jpg,1_Mild,2_Moderate,0.9911376,False,0.00077095366,4.9427712e-05,0.9911376,3.135916e-07,0.008041662
/kaggle/input/datasets/samjohnstonc/ddr-prepared/data/organized/ddr/test/1_Mild/007-2670-100.jpg,1_Mild,2_Moderate,0.9967218,False,0.0030357216,4.9688447e-06,0.9967218,5.5013962e-09,0.00023747626
/kaggle/input/datasets/samjohnstonc/ddr-prepared/data/organized/ddr/test/1_Mild/007-2682-100.jpg,1_Mild,2_Moderate,0.7810098,False,0.19590859,0.022537371,0.7810098,2.1543112e-06,0.00054209563
/kaggle/input/datasets/samjohnstonc/ddr-prepared/data/organized/ddr/test/1_Mild/007-2776-100.jpg,1_Mild,0_No_DR,0.5375012,False,0.5375012,0.3237266,0.13876705,3.255309e-07,4.791239e-06
/kaggle/input/datasets/samjohnstonc/ddr-prepared/data/organized/ddr/test/1_Mild/007-2802-100.jpg,1_Mild,2_Moderate,0.96922785,False,0.029628346,0.00044410786,0.96922785,1.0249271e-05,0.0006894929
/kaggle/input/datasets/samjohnstonc/ddr-prepared/data/organized/ddr/test/1_Mild/007-2906-100.jpg,1_Mild,2_Moderate,0.81161535,False,0.18757777,0.0008063847,0.81161535,2.997337e-07,1.8469775e-07
/kaggle/input/datasets/samjohnstonc/ddr-prepared/data/organized/ddr/test/1_Mild/007-2920-100.jpg,1_Mild,0_No_DR,0.99116766,False,0.99116766,0.00035590868,0.008475271,1.137714e-06,1.1929407e-08
/kaggle/input/datasets/samjohnstonc/ddr-prepared/data/organized/ddr/test/1_Mild/007-2936-100.jpg,1_Mild,0_No_DR,0.9509207,False,0.9509207,2.038874e-07,0.04907903,1.3520539e-08,4.2430994e-08
/kaggle/input/datasets/samjohnstonc/ddr-prepared/data/organized/ddr/test/1_Mild/007-2981-100.jpg,1_Mild,0_No_DR,0.9592019,False,0.9592019,7.412175e-06,0.04078911,8.360651e-07,7.739531e-07
/kaggle/input/datasets/samjohnstonc/ddr-prepared/data/organized/ddr/test/1_Mild/007-3043-100.jpg,1_Mild,0_No_DR,0.9799887,False,0.9799887,0.009822632,0.009506037,0.0005878036,9.4885516e-05
/kaggle/input/datasets/samjohnstonc/ddr-prepared/data/organized/ddr/test/1_Mild/007-3068-100.jpg,1_Mild,0_No_DR,0.55831814,False,0.55831814,0.3047259,0.13692571,2.8565742e-05,1.7166813e-06
/kaggle/input/datasets/samjohnstonc/ddr-prepared/data/organized/ddr/test/1_Mild/007-3081-100.jpg,1_Mild,0_No_DR,0.9304963,False,0.9304963,0.0077839755,0.06171318,6.3495395e-06,2.5156876e-07
/kaggle/input/datasets/samjohnstonc/ddr-prepared/data/organized/ddr/test/1_Mild/007-3105-100.jpg,1_Mild,2_Moderate,0.6192599,False,0.37035134,1.0971368e-05,0.6192599,6.381962e-07,0.010377152
/kaggle/input/datasets/samjohnstonc/ddr-prepared/data/organized/ddr/test/1_Mild/007-3181-100.jpg,1_Mild,2_Moderate,0.85092574,False,0.040797833,0.10778845,0.85092574,0.00036325728,0.0001247229
/kaggle/input/datasets/samjohnstonc/ddr-prepared/data/organized/ddr/test/1_Mild/007-3261-100.jpg,1_Mild,0_No_DR,0.53964174,False,0.53964174,9.704536e-06,0.46026504,1.9185308e-08,8.3478095e-05
/kaggle/input/datasets/samjohnstonc/ddr-prepared/data/organized/ddr/test/1_Mild/007-3272-100.jpg,1_Mild,0_No_DR,0.6990889,False,0.6990889,0.00010850078,0.3007161,7.019434e-07,8.5871055e-05
/kaggle/input/datasets/samjohnstonc/ddr-prepared/data/organized/ddr/test/1_Mild/007-3275-100.jpg,1_Mild,0_No_DR,0.8003377,False,0.8003377,0.00027630877,0.19922398,7.4400936e-07,0.00016128887
/kaggle/input/datasets/samjohnstonc/ddr-prepared/data/organized/ddr/test/1_Mild/20170627174255795.jpg,1_Mild,2_Moderate,0.8524184,False,0.121653944,0.025925498,0.8524184,3.6214442e-07,1.7980022e-06
/kaggle/input/datasets/samjohnstonc/ddr-prepared/data/organized/ddr/test/2_Moderate/007-0156-000.jpg,2_Moderate,0_No_DR,0.9420932,False,0.9420932,0.0025945639,0.055303235,1.9473038e-08,9.029723e-06
/kaggle/input/datasets/samjohnstonc/ddr-prepared/data/organized/ddr/test/2_Moderate/007-0709-000.jpg,2_Moderate,0_No_DR,0.65104944,False,0.65104944,0.12091414,0.22792155,8.206824e-06,0.000106599786
/kaggle/input/datasets/samjohnstonc/ddr-prepared/data/organized/ddr/test/2_Moderate/007-1689-000.jpg,2_Moderate,0_No_DR,0.8840717,False,0.8840717,1.2835342e-05,0.11591164,5.6879434e-09,3.7831505e-06
/kaggle/input/datasets/samjohnstonc/ddr-prepared/data/organized/ddr/test/2_Moderate/007-1823-100.jpg,2_Moderate,1_Mild,0.4703822,False,0.31301162,0.4703822,0.2165172,8.356386e-05,5.427431e-06
/kaggle/input/datasets/samjohnstonc/ddr-prepared/data/organized/ddr/test/2_Moderate/007-1830-100.jpg,2_Moderate,1_Mild,0.88629955,False,0.09804532,0.88629955,0.015654668,1.1604416e-07,3.4859212e-07
/kaggle/input/datasets/samjohnstonc/ddr-prepared/data/organized/ddr/test/2_Moderate/007-1855-100.jpg,2_Moderate,0_No_DR,0.9699054,False,0.9699054,2.872297e-05,0.030065808,3.3361214e-10,8.594905e-08
/kaggle/input/datasets/samjohnstonc/ddr-prepared/data/organized/ddr/test/2_Moderate/007-2051-100.jpg,2_Moderate,0_No_DR,0.9724664,False,0.9724664,2.1839444e-06,0.027485725,2.6679927e-05,1.8970575e-05
/kaggle/input/datasets/samjohnstonc/ddr-prepared/data/organized/ddr/test/2_Moderate/007-2054-100.jpg,2_Moderate,0_No_DR,0.7422216,False,0.7422216,0.039859865,0.21791609,2.186236e-06,2.543508e-07
/kaggle/input/datasets/samjohnstonc/ddr-prepared/data/organized/ddr/test/2_Moderate/007-2114-100.jpg,2_Moderate,0_No_DR,0.5928705,False,0.5928705,0.09385352,0.31244117,4.4891468e-07,0.00083437155
/kaggle/input/datasets/samjohnstonc/ddr-prepared/data/organized/ddr/test/2_Moderate/007-2158-100.jpg,2_Moderate,0_No_DR,0.6777399,False,0.6777399,4.871571e-06,0.32225463,5.557201e-07,3.3696082e-08
/kaggle/input/datasets/samjohnstonc/ddr-prepared/data/organized/ddr/test/2_Moderate/007-2212-100.jpg,2_Moderate,0_No_DR,0.9931051,False,0.9931051,0.0001292679,0.0067650806,4.796716e-07,2.073653e-08
/kaggle/input/datasets/samjohnstonc/ddr-prepared/data/organized/ddr/test/2_Moderate/007-2213-100.jpg,2_Moderate,0_No_DR,0.60428905,False,0.60428905,4.3162763e-06,0.3956295,1.5183905e-09,7.715901e-05
/kaggle/input/datasets/samjohnstonc/ddr-prepared/data/organized/ddr/test/2_Moderate/007-2219-100.jpg,2_Moderate,0_No_DR,0.83768433,False,0.83768433,0.0002468886,0.16206656,3.8001838e-07,1.8329278e-06
/kaggle/input/datasets/samjohnstonc/ddr-prepared/data/organized/ddr/test/2_Moderate/007-2250-100.jpg,2_Moderate,1_Mild,0.99289566,False,0.003181978,0.99289566,0.0039223125,3.796724e-08,4.9618714e-09
/kaggle/input/datasets/samjohnstonc/ddr-prepared/data/organized/ddr/test/2_Moderate/007-2374-100.jpg,2_Moderate,1_Mild,0.98754954,False,0.0117056845,0.98754954,0.00074482674,1.5076496e-11,1.6517775e-09
/kaggle/input/datasets/samjohnstonc/ddr-prepared/data/organized/ddr/test/2_Moderate/007-2424-100.jpg,2_Moderate,0_No_DR,0.9802461,False,0.9802461,0.0024444144,0.017308518,4.206539e-09,1.0588872e-06
/kaggle/input/datasets/samjohnstonc/ddr-prepared/data/organized/ddr/test/2_Moderate/007-2431-100.jpg,2_Moderate,1_Mild,0.9990258,False,0.0006117995,0.9990258,0.00036238207,1.6502638e-10,9.2850155e-10
/kaggle/input/datasets/samjohnstonc/ddr-prepared/data/organized/ddr/test/2_Moderate/007-2471-100.jpg,2_Moderate,1_Mild,0.67731327,False,0.0034984536,0.67731327,0.31918418,8.124569e-08,4.017813e-06
/kaggle/input/datasets/samjohnstonc/ddr-prepared/data/organized/ddr/test/2_Moderate/007-2537-100.jpg,2_Moderate,0_No_DR,0.55525064,False,0.55525064,0.049400818,0.39473176,1.3191049e-05,0.0006036084
/kaggle/input/datasets/samjohnstonc/ddr-prepared/data/organized/ddr/test/2_Moderate/007-2652-100.jpg,2_Moderate,1_Mild,0.9993482,False,1.487861e-05,0.9993482,0.00063687575,2.1132685e-08,4.5735074e-09
/kaggle/input/datasets/samjohnstonc/ddr-prepared/data/organized/ddr/test/2_Moderate/007-2680-100.jpg,2_Moderate,4_Proliferative_DR,0.49490926,False,0.007763564,0.04829775,0.4490053,2.4183682e-05,0.49490926
/kaggle/input/datasets/samjohnstonc/ddr-prepared/data/organized/ddr/test/2_Moderate/007-2816-100.jpg,2_Moderate,0_No_DR,0.37413442,False,0.37413442,0.3449026,0.28090665,8.589496e-06,4.778557e-05
/kaggle/input/datasets/samjohnstonc/ddr-prepared/data/organized/ddr/test/2_Moderate/007-2912-100.jpg,2_Moderate,1_Mild,0.95910275,False,0.019180005,0.95910275,0.021716442,6.6309826e-07,1.6299558e-07
/kaggle/input/datasets/samjohnstonc/ddr-prepared/data/organized/ddr/test/2_Moderate/007-2952-100.jpg,2_Moderate,0_No_DR,0.8662269,False,0.8662269,2.010613e-05,0.13373558,1.56274e-05,1.7622103e-06
/kaggle/input/datasets/samjohnstonc/ddr-prepared/data/organized/ddr/test/2_Moderate/007-3093-100.jpg,2_Moderate,1_Mild,0.80857426,False,0.0009270848,0.80857426,0.19046588,4.8494976e-06,2.7980162e-05
/kaggle/input/datasets/samjohnstonc/ddr-prepared/data/organized/ddr/test/2_Moderate/007-3130-100.jpg,2_Moderate,0_No_DR,0.99672407,False,0.99672407,1.3530362e-06,0.003202032,2.1357346e-05,5.118004e-05
/kaggle/input/datasets/samjohnstonc/ddr-prepared/data/organized/ddr/test/2_Moderate/007-3159-100.jpg,2_Moderate,0_No_DR,0.9854183,False,0.9854183,5.027286e-05,0.014531421,1.8001425e-10,1.5453177e-08
/kaggle/input/datasets/samjohnstonc/ddr-prepared/data/organized/ddr/test/2_Moderate/007-3208-100.jpg,2_Moderate,0_No_DR,0.6826397,False,0.6826397,8.3541145e-06,0.31734997,1.3534445e-07,1.8623526e-06
/kaggle/input/datasets/samjohnstonc/ddr-prepared/data/organized/ddr/test/2_Moderate/007-3219-100.jpg,2_Moderate,0_No_DR,0.85976636,False,0.85976636,0.027591197,0.1121505,0.00019491259,0.00029699202
/kaggle/input/datasets/samjohnstonc/ddr-prepared/data/organized/ddr/test/2_Moderate/007-3252-100.jpg,2_Moderate,1_Mild,0.9998716,False,1.6732109e-05,0.9998716,0.00011145121,1.8782299e-07,2.5975866e-09
/kaggle/input/datasets/samjohnstonc/ddr-prepared/data/organized/ddr/test/2_Moderate/007-3269-100.jpg,2_Moderate,0_No_DR,0.5363587,False,0.5363587,6.606245e-05,0.46356884,3.8366417e-09,6.398448e-06
/kaggle/input/datasets/samjohnstonc/ddr-prepared/data/organized/ddr/test/2_Moderate/007-3348-200.jpg,2_Moderate,0_No_DR,0.5920339,False,0.5920339,0.00014857677,0.40773773,2.15222e-08,7.970707e-05
/kaggle/input/datasets/samjohnstonc/ddr-prepared/data/organized/ddr/test/2_Moderate/007-3382-200.jpg,2_Moderate,0_No_DR,0.5817194,False,0.5817194,2.6113688e-05,0.41825023,1.1376429e-06,3.1549218e-06
/kaggle/input/datasets/samjohnstonc/ddr-prepared/data/organized/ddr/test/2_Moderate/007-3482-200.jpg,2_Moderate,1_Mild,0.626725,False,0.034718864,0.626725,0.33807725,0.0004709719,7.917436e-06
/kaggle/input/datasets/samjohnstonc/ddr-prepared/data/organized/ddr/test/2_Moderate/007-3533-200.jpg,2_Moderate,0_No_DR,0.7658484,False,0.7658484,0.0007912535,0.23335873,1.5104166e-09,1.5090885e-06
/kaggle/input/datasets/samjohnstonc/ddr-prepared/data/organized/ddr/test/2_Moderate/007-3540-200.jpg,2_Moderate,0_No_DR,0.86559284,False,0.86559284,0.00017583629,0.13374989,0.00048108463,3.916081e-07
/kaggle/input/datasets/samjohnstonc/ddr-prepared/data/organized/ddr/test/2_Moderate/007-3555-200.jpg,2_Moderate,0_No_DR,0.56335837,False,0.56335837,2.7977576e-05,0.43650576,7.567162e-09,0.00010784563
/kaggle/input/datasets/samjohnstonc/ddr-prepared/data/organized/ddr/test/2_Moderate/007-3652-200.jpg,2_Moderate,0_No_DR,0.73952556,False,0.73952556,1.5423694e-06,0.26043877,2.6470923e-10,3.4210723e-05
/kaggle/input/datasets/samjohnstonc/ddr-prepared/data/organized/ddr/test/2_Moderate/007-3710-200.jpg,2_Moderate,3_Severe,0.814879,False,0.009131675,0.004668905,0.16868557,0.814879,0.0026348461
/kaggle/input/datasets/samjohnstonc/ddr-prepared/data/organized/ddr/test/2_Moderate/007-3857-200.jpg,2_Moderate,1_Mild,0.8305702,False,0.0005107365,0.8305702,0.16891421,1.5172435e-06,3.325558e-06
/kaggle/input/datasets/samjohnstonc/ddr-prepared/data/organized/ddr/test/2_Moderate/007-3867-200.jpg,2_Moderate,0_No_DR,0.8440081,False,0.8440081,1.8848488e-06,0.15597972,4.481594e-09,1.0252188e-05
/kaggle/input/datasets/samjohnstonc/ddr-prepared/data/organized/ddr/test/2_Moderate/007-4003-200.jpg,2_Moderate,3_Severe,0.9919848,False,5.2725517e-09,6.8840755e-10,0.002709924,0.9919848,0.00530526
/kaggle/input/datasets/samjohnstonc/ddr-prepared/data/organized/ddr/test/2_Moderate/007-4586-200.jpg,2_Moderate,0_No_DR,0.63382477,False,0.63382477,0.00043084132,0.36574432,5.437544e-09,5.7676967e-08
/kaggle/input/datasets/samjohnstonc/ddr-prepared/data/organized/ddr/test/2_Moderate/007-4785-300.jpg,2_Moderate,3_Severe,0.94523436,False,1.6817132e-06,9.824509e-06,0.053891186,0.94523436,0.0008630147
/kaggle/input/datasets/samjohnstonc/ddr-prepared/data/organized/ddr/test/2_Moderate/007-4820-300.jpg,2_Moderate,4_Proliferative_DR,0.64531547,False,1.1178609e-05,7.271921e-05,0.09679901,0.2578017,0.64531547
/kaggle/input/datasets/samjohnstonc/ddr-prepared/data/organized/ddr/test/2_Moderate/007-5054-300.jpg,2_Moderate,0_No_DR,0.57593465,False,0.57593465,0.018217487,0.40581483,1.5622907e-06,3.1441632e-05
/kaggle/input/datasets/samjohnstonc/ddr-prepared/data/organized/ddr/test/2_Moderate/007-5074-300.jpg,2_Moderate,3_Severe,0.8260477,False,0.0006388936,6.277393e-05,0.14561348,0.8260477,0.027637202
/kaggle/input/datasets/samjohnstonc/ddr-prepared/data/organized/ddr/test/2_Moderate/007-5398-300.jpg,2_Moderate,3_Severe,0.97573656,False,0.0007159568,3.757335e-05,0.013456266,0.97573656,0.010053727
/kaggle/input/datasets/samjohnstonc/ddr-prepared/data/organized/ddr/test/2_Moderate/007-5485-300.jpg,2_Moderate,1_Mild,0.8674051,False,0.0012234017,0.8674051,0.13136607,5.069787e-09,5.387964e-06
/kaggle/input/datasets/samjohnstonc/ddr-prepared/data/organized/ddr/test/2_Moderate/007-5592-300.jpg,2_Moderate,3_Severe,0.9987092,False,4.0209644e-10,9.145913e-09,0.0012893018,0.9987092,1.5408825e-06
/kaggle/input/datasets/samjohnstonc/ddr-prepared/data/organized/ddr/test/2_Moderate/007-5855-300.jpg,2_Moderate,4_Proliferative_DR,0.9877238,False,1.2236276e-08,2.9725607e-08,0.011146376,0.0011297174,0.9877238
/kaggle/input/datasets/samjohnstonc/ddr-prepared/data/organized/ddr/test/2_Moderate/007-5857-300.jpg,2_Moderate,4_Proliferative_DR,0.5187465,False,3.308226e-05,1.6185955e-05,0.27252766,0.20867659,0.5187465
/kaggle/input/datasets/samjohnstonc/ddr-prepared/data/organized/ddr/test/2_Moderate/007-5907-300.jpg,2_Moderate,3_Severe,0.8730556,False,0.0027603195,0.00015191187,0.060895372,0.8730556,0.063136816
/kaggle/input/datasets/samjohnstonc/ddr-prepared/data/organized/ddr/test/2_Moderate/007-5976-300.jpg,2_Moderate,0_No_DR,0.91980374,False,0.91980374,0.00029688678,0.07989939,6.964186e-08,5.805423e-09
/kaggle/input/datasets/samjohnstonc/ddr-prepared/data/organized/ddr/test/2_Moderate/007-5979-300.jpg,2_Moderate,3_Severe,0.9262138,False,1.168578e-06,4.918797e-07,0.07104847,0.9262138,0.0027361035
/kaggle/input/datasets/samjohnstonc/ddr-prepared/data/organized/ddr/test/2_Moderate/007-6075-300.jpg,2_Moderate,1_Mild,0.80205476,False,0.015784359,0.80205476,0.1809432,0.0012067673,1.0960472e-05
/kaggle/input/datasets/samjohnstonc/ddr-prepared/data/organized/ddr/test/2_Moderate/007-6255-300.jpg,2_Moderate,3_Severe,0.9954432,False,1.2370637e-08,2.8153158e-09,0.0042698816,0.9954432,0.000286929
/kaggle/input/datasets/samjohnstonc/ddr-prepared/data/organized/ddr/test/2_Moderate/007-6733-400.jpg,2_Moderate,0_No_DR,0.7789234,False,0.7789234,1.586002e-05,0.22084063,2.3900217e-08,0.00022010253
/kaggle/input/datasets/samjohnstonc/ddr-prepared/data/organized/ddr/test/2_Moderate/20170504211026647.jpg,2_Moderate,0_No_DR,0.9714003,False,0.9714003,0.0013567591,0.027236892,3.82315e-06,2.3685109e-06
/kaggle/input/datasets/samjohnstonc/ddr-prepared/data/organized/ddr/test/2_Moderate/20170509155418870.jpg,2_Moderate,1_Mild,0.6038411,False,0.010261999,0.6038411,0.38411912,0.001135446,0.00064227934
/kaggle/input/datasets/samjohnstonc/ddr-prepared/data/organized/ddr/test/2_Moderate/20170511152606497.jpg,2_Moderate,0_No_DR,0.7027464,False,0.7027464,0.14707951,0.15016918,1.2655181e-07,4.772617e-06
/kaggle/input/datasets/samjohnstonc/ddr-prepared/data/organized/ddr/test/2_Moderate/20170511160523116.jpg,2_Moderate,1_Mild,0.80842024,False,0.17762621,0.80842024,0.0139533905,8.126312e-09,1.3755e-07
/kaggle/input/datasets/samjohnstonc/ddr-prepared/data/organized/ddr/test/2_Moderate/20170511162525215.jpg,2_Moderate,1_Mild,0.7862339,False,0.18479931,0.7862339,0.02896659,1.4877321e-07,3.049481e-08
/kaggle/input/datasets/samjohnstonc/ddr-prepared/data/organized/ddr/test/2_Moderate/20170511191633744.jpg,2_Moderate,0_No_DR,0.83871025,False,0.83871025,0.0028885046,0.15839326,5.8557794e-06,2.1140418e-06
/kaggle/input/datasets/samjohnstonc/ddr-prepared/data/organized/ddr/test/2_Moderate/20170516095416106.jpg,2_Moderate,0_No_DR,0.68668073,False,0.68668073,3.0727777e-05,0.3132593,2.6598696e-06,2.6561907e-05
/kaggle/input/datasets/samjohnstonc/ddr-prepared/data/organized/ddr/test/2_Moderate/20170517104642882.jpg,2_Moderate,0_No_DR,0.75214165,False,0.75214165,2.7690965e-05,0.24783055,2.1479372e-09,7.819219e-08
/kaggle/input/datasets/samjohnstonc/ddr-prepared/data/organized/ddr/test/2_Moderate/20170518153036606.jpg,2_Moderate,1_Mild,0.55013984,False,0.36796734,0.55013984,0.081892364,3.540148e-08,3.5869598e-07
/kaggle/input/datasets/samjohnstonc/ddr-prepared/data/organized/ddr/test/2_Moderate/20170520101042385.jpg,2_Moderate,0_No_DR,0.98603004,False,0.98603004,4.713255e-06,0.01383564,0.00012874574,9.302474e-07
/kaggle/input/datasets/samjohnstonc/ddr-prepared/data/organized/ddr/test/2_Moderate/20170523085504368.jpg,2_Moderate,0_No_DR,0.9275314,False,0.9275314,2.4181565e-05,0.07244268,4.629139e-07,1.2024009e-06
/kaggle/input/datasets/samjohnstonc/ddr-prepared/data/organized/ddr/test/2_Moderate/20170523115949867.jpg,2_Moderate,0_No_DR,0.5262336,False,0.5262336,0.10129717,0.37246814,2.2386132e-07,8.728499e-07
/kaggle/input/datasets/samjohnstonc/ddr-prepared/data/organized/ddr/test/2_Moderate/20170524140638977.jpg,2_Moderate,0_No_DR,0.9440114,False,0.9440114,7.1901435e-05,0.055858634,1.8491244e-07,5.7800327e-05
/kaggle/input/datasets/samjohnstonc/ddr-prepared/data/organized/ddr/test/2_Moderate/20170526155433935.jpg,2_Moderate,0_No_DR,0.98041624,False,0.98041624,4.0512343e-05,0.019531246,6.905869e-07,1.1164219e-05
/kaggle/input/datasets/samjohnstonc/ddr-prepared/data/organized/ddr/test/2_Moderate/20170528112927320.jpg,2_Moderate,0_No_DR,0.75688434,False,0.75688434,0.017779427,0.22406964,0.0012554401,1.11862955e-05
/kaggle/input/datasets/samjohnstonc/ddr-prepared/data/organized/ddr/test/2_Moderate/20170531093300130.jpg,2_Moderate,0_No_DR,0.8422677,False,0.8422677,0.0011780881,0.15649454,9.0762305e-06,5.061706e-05
/kaggle/input/datasets/samjohnstonc/ddr-prepared/data/organized/ddr/test/2_Moderate/20170602093104027.jpg,2_Moderate,0_No_DR,0.8910904,False,0.8910904,1.6526569e-06,0.108512826,0.00037556898,1.9652356e-05
/kaggle/input/datasets/samjohnstonc/ddr-prepared/data/organized/ddr/test/2_Moderate/20170608133136376.jpg,2_Moderate,1_Mild,0.9155336,False,0.051208004,0.9155336,0.033207554,4.9293474e-05,1.511211e-06
/kaggle/input/datasets/samjohnstonc/ddr-prepared/data/organized/ddr/test/2_Moderate/20170608174654273.jpg,2_Moderate,0_No_DR,0.99675673,False,0.99675673,1.8599174e-05,0.0032244078,2.2948456e-07,7.986119e-08
/kaggle/input/datasets/samjohnstonc/ddr-prepared/data/organized/ddr/test/2_Moderate/20170610095525712.jpg,2_Moderate,0_No_DR,0.96980816,False,0.96980816,0.00054966006,0.029641706,6.512563e-08,3.1686756e-07
/kaggle/input/datasets/samjohnstonc/ddr-prepared/data/organized/ddr/test/2_Moderate/20170613122140972.jpg,2_Moderate,0_No_DR,0.9402849,False,0.9402849,0.0009235709,0.05879145,4.1172434e-09,4.487317e-09
/kaggle/input/datasets/samjohnstonc/ddr-prepared/data/organized/ddr/test/2_Moderate/20170613164132693.jpg,2_Moderate,0_No_DR,0.99957496,False,0.99957496,8.037966e-06,0.00041676548,5.7555905e-08,1.6345442e-07
/kaggle/input/datasets/samjohnstonc/ddr-prepared/data/organized/ddr/test/2_Moderate/20170614092847535.jpg,2_Moderate,0_No_DR,0.6534893,False,0.6534893,0.0038709813,0.34262586,7.114272e-06,6.7383303e-06
/kaggle/input/datasets/samjohnstonc/ddr-prepared/data/organized/ddr/test/2_Moderate/20170616090802344.jpg,2_Moderate,0_No_DR,0.94438857,False,0.94438857,0.0006916605,0.05491672,2.379528e-06,6.2686206e-07
/kaggle/input/datasets/samjohnstonc/ddr-prepared/data/organized/ddr/test/2_Moderate/20170618085027145.jpg,2_Moderate,0_No_DR,0.99976295,False,0.99976295,5.652825e-07,0.00023485927,1.4433812e-06,7.235871e-08
/kaggle/input/datasets/samjohnstonc/ddr-prepared/data/organized/ddr/test/2_Moderate/20170618221747607.jpg,2_Moderate,0_No_DR,0.48361027,False,0.48361027,0.12075611,0.39554283,8.941876e-05,1.3708334e-06
/kaggle/input/datasets/samjohnstonc/ddr-prepared/data/organized/ddr/test/2_Moderate/20170622080754772.jpg,2_Moderate,0_No_DR,0.9711329,False,0.9711329,1.8439215e-06,0.02884885,1.606734e-05,3.042179e-07
/kaggle/input/datasets/samjohnstonc/ddr-prepared/data/organized/ddr/test/2_Moderate/20170622165310591.jpg,2_Moderate,0_No_DR,0.5943898,False,0.5943898,8.525022e-05,0.4055248,8.183431e-08,5.0903452e-08
/kaggle/input/datasets/samjohnstonc/ddr-prepared/data/organized/ddr/test/2_Moderate/20170627091345662.jpg,2_Moderate,0_No_DR,0.88690865,False,0.88690865,0.046405043,0.06662276,7.3903584e-06,5.610336e-05
/kaggle/input/datasets/samjohnstonc/ddr-prepared/data/organized/ddr/test/3_Severe/007-4825-300.jpg,3_Severe,2_Moderate,0.9994711,False,0.0005270822,2.4203834e-07,0.9994711,7.7825655e-07,7.6965483e-07
/kaggle/input/datasets/samjohnstonc/ddr-prepared/data/organized/ddr/test/3_Severe/007-5334-300.jpg,3_Severe,2_Moderate,0.99861276,False,1.2121133e-05,0.0002189793,0.99861276,0.0011539812,2.191851e-06
/kaggle/input/datasets/samjohnstonc/ddr-prepared/data/organized/ddr/test/3_Severe/007-5556-300.jpg,3_Severe,2_Moderate,0.9965898,False,0.0017019341,0.00011109123,0.9965898,0.0015510303,4.6111796e-05
/kaggle/input/datasets/samjohnstonc/ddr-prepared/data/organized/ddr/test/3_Severe/007-5673-300.jpg,3_Severe,2_Moderate,0.9998072,False,0.00010194856,1.5608337e-05,0.9998072,5.6939425e-05,1.8273593e-05
/kaggle/input/datasets/samjohnstonc/ddr-prepared/data/organized/ddr/test/3_Severe/007-5678-300.jpg,3_Severe,2_Moderate,0.53144866,False,4.2616257e-06,5.472886e-08,0.53144866,0.4682396,0.00030739693
/kaggle/input/datasets/samjohnstonc/ddr-prepared/data/organized/ddr/test/3_Severe/007-5775-300.jpg,3_Severe,4_Proliferative_DR,0.99725705,False,1.008096e-05,3.908382e-06,6.538075e-05,0.0026636275,0.99725705
/kaggle/input/datasets/samjohnstonc/ddr-prepared/data/organized/ddr/test/3_Severe/007-6164-300.jpg,3_Severe,2_Moderate,0.66509145,False,5.252164e-06,2.521559e-06,0.66509145,0.3348887,1.2072324e-05
/kaggle/input/datasets/samjohnstonc/ddr-prepared/data/organized/ddr/test/3_Severe/007-6410-400.jpg,3_Severe,4_Proliferative_DR,0.86722744,False,0.000113041875,0.000943987,0.009692934,0.12202256,0.86722744
/kaggle/input/datasets/samjohnstonc/ddr-prepared/data/organized/ddr/test/3_Severe/20170502103235986.jpg,3_Severe,2_Moderate,0.99929273,False,8.13432e-06,0.00012508419,0.99929273,5.1547286e-06,0.000568897
/kaggle/input/datasets/samjohnstonc/ddr-prepared/data/organized/ddr/test/3_Severe/20170519093847278.jpg,3_Severe,2_Moderate,0.99943465,False,2.5561083e-06,1.7647395e-07,0.99943465,0.00033620407,0.00022646687
/kaggle/input/datasets/samjohnstonc/ddr-prepared/data/organized/ddr/test/3_Severe/20170522144205431.jpg,3_Severe,2_Moderate,0.991219,False,0.008517192,0.00024893586,0.991219,7.4040105e-07,1.4196299e-05
/kaggle/input/datasets/samjohnstonc/ddr-prepared/data/organized/ddr/test/3_Severe/20170602155248106.jpg,3_Severe,2_Moderate,0.9990983,False,2.6902368e-05,4.091804e-06,0.9990983,0.00063621084,0.00023449192
/kaggle/input/datasets/samjohnstonc/ddr-prepared/data/organized/ddr/test/3_Severe/20170616112827989.jpg,3_Severe,2_Moderate,0.9982419,False,0.0011606563,0.00054417003,0.9982419,7.0528367e-06,4.6190748e-05
/kaggle/input/datasets/samjohnstonc/ddr-prepared/data/organized/ddr/test/3_Severe/20170622080837660.jpg,3_Severe,2_Moderate,0.9933537,False,0.0057303393,7.252561e-05,0.9933537,2.5994398e-06,0.00084080774
/kaggle/input/datasets/samjohnstonc/ddr-prepared/data/organized/ddr/test/3_Severe/20170627103155245.jpg,3_Severe,2_Moderate,0.93820024,False,0.05454976,0.005901268,0.93820024,0.0011175087,0.00023119495
/kaggle/input/datasets/samjohnstonc/ddr-prepared/data/organized/ddr/test/3_Severe/20170627170651362.jpg,3_Severe,2_Moderate,0.9847281,False,7.89903e-05,5.8853498e-06,0.9847281,0.015185612,1.4382152e-06
/kaggle/input/datasets/samjohnstonc/ddr-prepared/data/organized/ddr/test/4_Proliferative_DR/007-6331-400.jpg,4_Proliferative_DR,2_Moderate,0.9360917,False,0.0011249604,0.0013057338,0.9360917,8.755628e-06,0.061468802
/kaggle/input/datasets/samjohnstonc/ddr-prepared/data/organized/ddr/test/4_Proliferative_DR/007-6384-400.jpg,4_Proliferative_DR,2_Moderate,0.892996,False,3.5219812e-06,1.1854798e-05,0.892996,0.00011653306,0.10687212
/kaggle/input/datasets/samjohnstonc/ddr-prepared/data/organized/ddr/test/4_Proliferative_DR/007-6420-400.jpg,4_Proliferative_DR,2_Moderate,0.4716297,False,0.10959039,0.099130996,0.4716297,2.1412407e-05,0.3196274
/kaggle/input/datasets/samjohnstonc/ddr-prepared/data/organized/ddr/test/4_Proliferative_DR/007-6474-400.jpg,4_Proliferative_DR,2_Moderate,0.99976045,False,4.084362e-05,4.8805738e-08,0.99976045,0.00012987704,6.878031e-05
/kaggle/input/datasets/samjohnstonc/ddr-prepared/data/organized/ddr/test/4_Proliferative_DR/007-6642-400.jpg,4_Proliferative_DR,2_Moderate,0.75959885,False,6.874374e-06,1.6314318e-05,0.75959885,0.015568552,0.22480944
/kaggle/input/datasets/samjohnstonc/ddr-prepared/data/organized/ddr/test/4_Proliferative_DR/007-6870-400.jpg,4_Proliferative_DR,3_Severe,0.9704443,False,0.00017040924,2.4173653e-06,0.028557938,0.9704443,0.0008249004
/kaggle/input/datasets/samjohnstonc/ddr-prepared/data/organized/ddr/test/4_Proliferative_DR/007-6892-400.jpg,4_Proliferative_DR,2_Moderate,0.9969729,False,0.0001483322,0.00073570135,0.9969729,4.9576345e-05,0.0020935128
/kaggle/input/datasets/samjohnstonc/ddr-prepared/data/organized/ddr/test/4_Proliferative_DR/007-6894-400.jpg,4_Proliferative_DR,3_Severe,0.78352493,False,2.3166669e-07,2.4583818e-07,0.00035147578,0.78352493,0.21612313
/kaggle/input/datasets/samjohnstonc/ddr-prepared/data/organized/ddr/test/4_Proliferative_DR/007-6914-400.jpg,4_Proliferative_DR,2_Moderate,0.9990176,False,9.051312e-06,4.5219954e-06,0.9990176,0.00096696,1.9120307e-06
/kaggle/input/datasets/samjohnstonc/ddr-prepared/data/organized/ddr/test/4_Proliferative_DR/007-6915-400.jpg,4_Proliferative_DR,1_Mild,0.9961062,False,0.0030238926,0.9961062,0.00086270156,3.015692e-08,7.1469326e-06
/kaggle/input/datasets/samjohnstonc/ddr-prepared/data/organized/ddr/test/4_Proliferative_DR/007-7005-400.jpg,4_Proliferative_DR,2_Moderate,0.83997756,False,0.004002605,1.6200093e-07,0.83997756,2.8977409e-08,0.15601966
/kaggle/input/datasets/samjohnstonc/ddr-prepared/data/organized/ddr/test/4_Proliferative_DR/007-7040-400.jpg,4_Proliferative_DR,2_Moderate,0.9628617,False,0.03213239,4.6338835e-05,0.9628617,4.9828654e-05,0.004909742
/kaggle/input/datasets/samjohnstonc/ddr-prepared/data/organized/ddr/test/4_Proliferative_DR/007-7044-400.jpg,4_Proliferative_DR,2_Moderate,0.94098157,False,0.058966815,8.989283e-07,0.94098157,2.486798e-09,5.0681167e-05
/kaggle/input/datasets/samjohnstonc/ddr-prepared/data/organized/ddr/test/4_Proliferative_DR/007-7100-400.jpg,4_Proliferative_DR,2_Moderate,0.82003784,False,0.13816042,7.190197e-06,0.82003784,0.00033538375,0.04145925
/kaggle/input/datasets/samjohnstonc/ddr-prepared/data/organized/ddr/test/4_Proliferative_DR/007-7129-400.jpg,4_Proliferative_DR,1_Mild,0.9613631,False,0.027024256,0.9613631,0.010949211,2.0285557e-07,0.0006632019
/kaggle/input/datasets/samjohnstonc/ddr-prepared/data/organized/ddr/test/4_Proliferative_DR/007-7142-400.jpg,4_Proliferative_DR,2_Moderate,0.97458285,False,1.16299546e-07,9.94081e-06,0.97458285,0.00012499101,0.025282172
/kaggle/input/datasets/samjohnstonc/ddr-prepared/data/organized/ddr/test/4_Proliferative_DR/007-7176-400.jpg,4_Proliferative_DR,2_Moderate,0.9991586,False,2.8536676e-06,3.0699205e-08,0.9991586,3.7271486e-06,0.0008347617
/kaggle/input/datasets/samjohnstonc/ddr-prepared/data/organized/ddr/test/4_Proliferative_DR/007-7183-400.jpg,4_Proliferative_DR,2_Moderate,0.93776584,False,0.0013184082,2.955704e-10,0.93776584,4.2016957e-10,0.06091576
/kaggle/input/datasets/samjohnstonc/ddr-prepared/data/organized/ddr/test/4_Proliferative_DR/007-7215-400.jpg,4_Proliferative_DR,2_Moderate,0.9978041,False,0.001715482,2.575424e-06,0.9978041,5.7887684e-07,0.0004771408
/kaggle/input/datasets/samjohnstonc/ddr-prepared/data/organized/ddr/test/4_Proliferative_DR/007-7225-400.jpg,4_Proliferative_DR,0_No_DR,0.8049947,False,0.8049947,0.0073902276,0.09988522,0.00027599282,0.087453954
