epoch,train_loss,val_loss,train_accuracy,val_accuracy,train_precision_macro,val_precision_macro,train_recall_macro,val_recall_macro,train_f1_macro,val_f1_macro,train_balanced_accuracy,val_balanced_accuracy,train_kappa,val_kappa,train_mcc,val_mcc,learning_rate
1,1.016905674107108,1.1183004255456048,0.574720740666197,0.4581320450885668,0.5656974651752692,0.49917823780533954,0.5743712630420186,0.6104236041736042,0.5677102826893957,0.44108866442199773,0.5743712630420186,0.6104236041736042,0.4683844232081986,0.30854791637713674,0.46943445823829366,0.35823188187793653,0.0001
2,0.7731435445516993,0.7992363412071157,0.6823991144208513,0.6489533011272142,0.6812420094099132,0.5603055970937698,0.685588512978987,0.6110160672660673,0.6814174490250801,0.5383744394097179,0.685588512978987,0.6110160672660673,0.6030605570636904,0.48840891613115334,0.6040844393486134,0.5099664306345146,0.0001
3,0.6440267335172509,0.8249515678955545,0.7400623930763812,0.6682769726247987,0.7371057765477707,0.5790243140728084,0.7390491694930905,0.6531714812964813,0.7361455708396335,0.5751294248305057,0.7390491694930905,0.6531714812964813,0.6750212762148309,0.5193150786590528,0.6759570376253351,0.5407873603333196,0.0001
4,0.5688268674311293,0.7666927426813497,0.7718627352319614,0.6851851851851852,0.7706653253883372,0.5766772954240985,0.7719855551193355,0.6476138444888445,0.7694580424700231,0.5685214259759094,0.7719855551193355,0.6476138444888445,0.7148230646062219,0.5365384156554354,0.7157510411183411,0.5545268875793484,0.0001
5,0.516846938867186,0.8542993056517388,0.7947066519070142,0.6714975845410628,0.7938397095094286,0.5635534742774918,0.7951595572742669,0.6512692168942168,0.7932062006182664,0.557886243919326,0.7951595572742669,0.6512692168942168,0.7433922993005603,0.5187047838314531,0.7440846298085281,0.5332596781457264,0.0001
6,0.4447272059254523,0.6634283876781398,0.8260038240917782,0.7592592592592593,0.8248722718611224,0.5837251363724323,0.8249570185709321,0.6328553391053391,0.8238498070386301,0.600732963115316,0.8249570185709321,0.6328553391053391,0.7824696118391129,0.6204024557035002,0.7829901249020441,0.6228384346689136,0.0001
7,0.40678814635066135,0.7370855251564112,0.8467344268894033,0.7423510466988728,0.8451917275653283,0.6007123977790787,0.8449056130804644,0.6808913308913308,0.8441653493193921,0.6086547442186423,0.8449056130804644,0.6808913308913308,0.808357865951097,0.5973248199846201,0.8088003980811155,0.6051840854029635,0.0001
8,0.3871591041370502,0.708064649614015,0.8526718325450338,0.7528180354267311,0.8518364662262871,0.6018474800375323,0.8514708732021907,0.646989121989122,0.8505395489496029,0.6043380520718732,0.8514708732021907,0.646989121989122,0.8157610804070194,0.6087879932037001,0.8163122252147719,0.614565883051265,0.0001
9,0.37371107221213556,0.703846849921053,0.855489584381604,0.7697262479871175,0.8548715670819306,0.6547924333407027,0.8563647327910948,0.6667193917193917,0.8550829309754521,0.645061029582378,0.8563647327910948,0.6667193917193917,0.8193827659888644,0.636069685383036,0.8196605582148491,0.6415886323590724,0.0001
10,0.33473865666703295,0.7168449309794007,0.8683707356344973,0.7705314009661836,0.866974174473242,0.6248260249938321,0.8672440264495064,0.6563762626262626,0.8664803419641685,0.6255264325963672,0.8672440264495064,0.6563762626262626,0.8354354539442915,0.6392820492961837,0.8357567496751752,0.6458282491005106,0.0001
11,0.31291577608349985,0.7069607987795955,0.8799436449632686,0.7439613526570048,0.879331381683128,0.588610794252771,0.8794023670729525,0.6040948634698635,0.8786259260458585,0.57800575789188,0.8794023670729525,0.6040948634698635,0.8499045795606925,0.6071039539693388,0.850268385479427,0.6143979211099261,0.0001
12,0.29785251976727023,0.6462451302822854,0.8896045084029385,0.7809983896940419,0.8893049232749426,0.6547394977132229,0.8894917060862788,0.6473137973137973,0.888820366753114,0.6377393427946643,0.8894917060862788,0.6473137973137973,0.8619681423635139,0.652483772412587,0.8622543930951535,0.6565499720609163,0.0001
13,0.2804632720194365,0.6514503966429047,0.8968501559826909,0.789049919484702,0.8952646890835464,0.6567269297252409,0.8955724143088201,0.6603178071928072,0.8948919101908622,0.6490065004706473,0.8955724143088201,0.6603178071928072,0.8710359386886499,0.6641864516275509,0.8712907287786387,0.6670975662709299,0.0001
14,0.26371884805474516,0.7569149085852931,0.9004729797725671,0.7584541062801933,0.9006125784475787,0.6671644800568762,0.9016933407795392,0.6091862998112998,0.9007498628105646,0.6093607445008982,0.9016933407795392,0.6091862998112998,0.8756006525574902,0.6223814494633682,0.8758099045691484,0.6285551286513974,0.0001
15,0.24443456158979182,0.7500020943630049,0.9106370131830532,0.7608695652173914,0.9099730713305018,0.6692445981408264,0.91020719383504,0.620222138972139,0.9096063838692958,0.6248883770541053,0.91020719383504,0.620222138972139,0.8882840106276884,0.6198245236134572,0.8885205480151662,0.6237008181481615,0.0001
16,0.24461484881213724,0.7859011043145077,0.9100332092180738,0.782608695652174,0.9096072455694617,0.704296162399104,0.9099217264066134,0.605782412032412,0.9093583713662999,0.6335716115115705,0.9099217264066134,0.605782412032412,0.8875256371459211,0.6440584595821556,0.8877226500970359,0.648541743212799,0.0001
17,0.22186232365340167,0.6587401586742216,0.9192915366810909,0.7962962962962963,0.9184335788851617,0.631506940280607,0.9181554275388703,0.6438571844821845,0.9180722701783859,0.6363305152190898,0.9181554275388703,0.6438571844821845,0.8990649427864362,0.672584730707073,0.8991738715395385,0.6729894442422996,0.0001
18,0.17520343437393487,0.63038370002739,0.9357955117238603,0.821256038647343,0.9354073023787766,0.6844646747092248,0.9354340790002894,0.606656191031191,0.9351506144273973,0.6334072414767018,0.9354340790002894,0.606656191031191,0.9197364601488003,0.7033247971766123,0.9198688526273431,0.7052126824426458,5e-05
19,0.155730419054356,0.7367524927251053,0.9434436952802657,0.8156199677938808,0.9426507150412577,0.7059320825478836,0.9428764803579778,0.5931710650460651,0.9425902543569069,0.634298262846434,0.9428764803579778,0.5931710650460651,0.929291719690126,0.6901936820503436,0.9293752823675897,0.6931743446158057,5e-05
20,0.15646298162963795,0.6926340410266906,0.9437455972627553,0.8188405797101449,0.9439532238690814,0.7080485746614318,0.9441143555675204,0.6006347818847819,0.9438644709242405,0.6310663080078043,0.9441143555675204,0.6006347818847819,0.9296751130429681,0.7014703745801677,0.9297606360378468,0.7019709614115834,5e-05
21,0.13172863998082102,0.7118604653687389,0.953708362684915,0.8285024154589372,0.9534332701213752,0.6905993830724587,0.9536822854790119,0.6354791042291043,0.9533985666104705,0.657785055819874,0.9536822854790119,0.6354791042291043,0.9421337610681674,0.7185034007814561,0.9422139647378194,0.7187495773884991,5e-05
22,0.12629727458700732,0.727728399215641,0.9540102646674047,0.822866344605475,0.9543183486200387,0.7001008671229461,0.9546270671902866,0.6389544483294484,0.9543796022506678,0.6656183227720919,0.9546270671902866,0.6389544483294484,0.9425090382368069,0.7067784150967693,0.9425561602979897,0.7075218628986646,5e-05
23,0.12618249581891117,0.7554384143048246,0.9563248465331589,0.8043478260869565,0.9563955692742336,0.6618847022521106,0.9565871527098893,0.6368308774558774,0.9564098505695784,0.6479496588008395,0.9565871527098893,0.6368308774558774,0.945403585834534,0.6816912846528257,0.9454451425107677,0.6825700435633297,5e-05
24,0.12681306268739798,0.7803659877123464,0.9542115326557311,0.8148148148148148,0.9539787506177554,0.686925614791879,0.9539725487630145,0.6141663891663891,0.9539323196199069,0.6436808147990077,0.9539725487630145,0.6141663891663891,0.9427497362453802,0.6934702269303242,0.9427711667739388,0.6942261002112559,5e-05
25,0.11881015898431704,0.7565309322662591,0.9575324544631176,0.8244766505636071,0.9574196610908328,0.6721056269706525,0.9576309098772431,0.5901116244866245,0.957405221856944,0.6202180457044827,0.9576309098772431,0.5901116244866245,0.9469138536276501,0.7079610795978527,0.9469738314693293,0.7089191452619635,5e-05
26,0.11811106364330176,0.7642323084935941,0.9576330884572809,0.821256038647343,0.9577185403962328,0.6931780376670755,0.9578311295842024,0.6238646769896771,0.957674713953945,0.6481532919877987,0.9578311295842024,0.6238646769896771,0.947040340063777,0.7043992117998452,0.9470916553286813,0.7054517174021849,5e-05
27,0.09626540859668767,0.8396974875983121,0.9640736640837275,0.8075684380032206,0.9640299670370742,0.6889263378685084,0.9641743190766128,0.5995917277167278,0.964053866968366,0.6348326078113833,0.9641743190766128,0.5995917277167278,0.9550903710467806,0.6790843398502874,0.9551151218639192,0.681056888391641,2.5e-05
28,0.08307413437571595,0.8404276207098422,0.970916775686827,0.8156199677938808,0.9708239061439627,0.6935946459293266,0.9706357972888189,0.574902528027528,0.9706572369808371,0.6142318582371535,0.9706357972888189,0.574902528027528,0.9636380223280155,0.689397596150696,0.9636740940271844,0.6922479466253165,2.5e-05
29,0.08131375249606078,0.8445705221096075,0.9703129717218476,0.820450885668277,0.9703587098353484,0.7262040241053354,0.9703586245244052,0.5865665584415585,0.9703190543778524,0.6314584107791725,0.9703586245244052,0.5865665584415585,0.9628897399226424,0.6969379313967077,0.9629096711142574,0.6997997648830135,2.5e-05
30,0.07292164417197974,0.8389297605292713,0.97443896548254,0.8075684380032206,0.9741417904847868,0.6947344994408615,0.9742343541463008,0.5900918525918526,0.9741713204942514,0.6215123259849578,0.9742343541463008,0.5900918525918526,0.9680452093293023,0.6838139427870236,0.9680534208207799,0.6844329643110548,2.5e-05
31,0.06911184922662211,0.807738333268634,0.9758478414008251,0.8236714975845411,0.9757518459100727,0.6839859961689817,0.975726014620013,0.6086514180264181,0.9757087229810427,0.6372853503412573,0.975726014620013,0.6086514180264181,0.9698090311845865,0.7074085349127651,0.9698240957134467,0.7086639552174767,1.25e-05
32,0.06853785593341183,0.8153892505955965,0.9756465734124987,0.8236714975845411,0.9757660687618473,0.6837360356212481,0.9758220523090607,0.6174623987123986,0.9757522369859479,0.6423215237055856,0.9758220523090607,0.6174623987123986,0.9695573734919025,0.7090827804617703,0.9695788902912322,0.7094639085914447,1.25e-05
33,0.0672636088538685,0.8224229322035531,0.9765522793599678,0.820450885668277,0.9767314279309576,0.6690449398087656,0.9770331460351362,0.6084661865911866,0.9768628440050555,0.631732181778864,0.9770331460351362,0.6084661865911866,0.9706842069064155,0.7041536795195806,0.9706946928305425,0.7047973118293006,1.25e-05
34,0.060434829862633675,0.8540525164413183,0.9783636912549059,0.8309178743961353,0.9785935469863286,0.721955552845551,0.9785553926140584,0.5980144855144855,0.9785542953371626,0.6348439053306754,0.9785553926140584,0.5980144855144855,0.9729497569864627,0.7173458119345046,0.97296008048092,0.7186886840303517,1.25e-05
35,0.061191602593650155,0.8491754450935769,0.9788668612257221,0.8260869565217391,0.9786938645765766,0.6921769358273908,0.9786090481642272,0.6105366855366856,0.9786145348213798,0.6388503081095335,0.9786090481642272,0.6105366855366856,0.9735793248179663,0.7108664350195291,0.9735975325749942,0.712000293777971,6.25e-06
36,0.05468488778310534,0.8799816883932469,0.9796719331790279,0.8268921095008052,0.9794759294447017,0.6818613411713199,0.9795630450084655,0.6030549311799313,0.9794737340612782,0.6306698860042461,0.9795630450084655,0.6030549311799313,0.9745883549454116,0.7128860952487449,0.974611217941782,0.713830072144073,6.25e-06
37,0.053959362917761815,0.8580382035238348,0.9806782731206601,0.8293075684380032,0.9807028557796734,0.6939856702548356,0.9807755279114941,0.6081696081696081,0.980721335240111,0.6395649213784098,0.9807755279114941,0.6081696081696081,0.975845971581381,0.7159099859413723,0.9758548666939868,0.7169270192076559,6.25e-06
38,0.05416251893261277,0.8655949821890648,0.9813827110798028,0.8276972624798712,0.9811737913423112,0.7036629013247084,0.9812049081678207,0.5826128732378733,0.9811630315482074,0.608702945593492,0.9812049081678207,0.5826128732378733,0.97672744810986,0.7125317170353738,0.9767404561544912,0.7137036193686147,6.25e-06
39,0.054550531395252046,0.8958850692531721,0.9797725671731911,0.8317230273752013,0.9796291087985471,0.7314684475279343,0.9796811347854337,0.5883328477078477,0.9796365810058191,0.6238794634940317,0.9796811347854337,0.5883328477078477,0.9747146369296489,0.7184672299968439,0.9747239532941095,0.7199976878400403,3.125e-06
40,0.04832590759119913,0.8770308279628819,0.9825903190097615,0.8301127214170693,0.982701821669665,0.7124382111562724,0.9828125413647795,0.599755106005106,0.9827410545107084,0.6353500876719834,0.9828125413647795,0.599755106005106,0.9782370413594591,0.7155534812032931,0.9782454626834197,0.717119521912754,3.125e-06
41,0.04716909994510226,0.9114044356083381,0.9830934889805777,0.8268921095008052,0.983119547741772,0.7024483851129488,0.9831302417003925,0.6009382978132978,0.9831204926232837,0.633372657002149,0.9831302417003925,0.6009382978132978,0.9788666840695631,0.7120296608478749,0.9788689145726208,0.713084683301783,3.125e-06
42,0.04737911754922001,0.8967825065062481,0.982791586998088,0.8252818035426731,0.9828273858726394,0.737152114815008,0.9829250525860248,0.5993000055500055,0.9828598273496553,0.6437974367975344,0.9829250525860248,0.5993000055500055,0.9784838812617818,0.7065776538101007,0.9784922692723226,0.7084290890998678,3.125e-06
43,0.04674575205845838,0.8619649853533353,0.9817852470564556,0.8333333333333334,0.981890423942309,0.7228606653789905,0.9819889908673856,0.6212339743589743,0.9818619873243971,0.6551665069236543,0.9819889908673856,0.6212339743589743,0.9772312964744972,0.7228339088446184,0.9772712191098265,0.7237913342048444,1.5625e-06
44,0.049166345081100994,0.8534429492533879,0.9813827110798028,0.8333333333333334,0.9814991792276822,0.7337339390421657,0.9814526128153691,0.6227418414918415,0.9814700674770795,0.6575528141585194,0.9814526128153691,0.6227418414918415,0.9767256575714364,0.7226192004643621,0.9767286254740565,0.7236154444670645,1.5625e-06
45,0.047936801122455755,0.8616603417247054,0.9820871490389453,0.8325281803542673,0.9820570272058273,0.7371384504292012,0.9820665647328651,0.6277004245754245,0.98203990896116,0.6641775982214003,0.9820665647328651,0.6277004245754245,0.9776073130982341,0.7208587664389978,0.9776182417010386,0.7220863629383375,1.5625e-06
46,0.04314081669871588,0.8642730578036316,0.9852068028580054,0.8349436392914654,0.9853688031879496,0.7445756899416546,0.9853694867839783,0.6222777222777223,0.9853592267702835,0.6635422533191105,0.9853694867839783,0.6222777222777223,0.9815079255545442,0.7244179287995767,0.9815130696597855,0.7256842280568512,1.5625e-06
47,0.04409194729129981,0.8523782326115502,0.9845023648988628,0.8333333333333334,0.9845020658536312,0.7207909365513586,0.9844867578933417,0.6208687146187145,0.9844783991762057,0.6540668637246962,0.9844867578933417,0.6208687146187145,0.9806254639645946,0.7228401836132308,0.9806334720345021,0.7237811671408215,7.8125e-07
48,0.04561185903175788,0.9144992760881998,0.9830934889805777,0.8325281803542673,0.9834017289193628,0.7441827519585215,0.9832835413822141,0.6105932262182263,0.9833103545165031,0.6541790597586729,0.9832835413822141,0.6105932262182263,0.9788603013103778,0.7195115860424615,0.978877073282286,0.7211841369470149,7.8125e-07
49,0.03841184423257952,0.8981180429704572,0.9867163127704539,0.8268921095008052,0.9864582485136644,0.7123422995923606,0.9864525956344534,0.5925494644244644,0.9864501942819743,0.6319035346038389,0.9864525956344534,0.5925494644244644,0.9833939990849814,0.7103877764835265,0.9833965388800017,0.7118488842800732,7.8125e-07
50,0.04767725516991277,0.8676792843666246,0.982389051021435,0.8285024154589372,0.9822948628681993,0.7007419168884036,0.9822506280008803,0.6008030164280165,0.9822460933885434,0.633233324149764,0.9822506280008803,0.6008030164280165,0.9779828032966257,0.7129470384432173,0.9779962012203146,0.7145284366217806,7.8125e-07
