train_loss,train_accuracy,val_loss,val_accuracy,val_weighted_f1,val_macro_f1,epoch_time_sec
0.8786173073280759,0.6372187309953375,0.8482477097912172,0.6492357200321802,0.7043851591057751,0.5761547238524345,757.3889768123627
0.5903572462983966,0.7701196026758564,0.7768130406006056,0.6790024135156878,0.7177508338784593,0.578445768635919,765.5427887439728
0.45566842925976286,0.8269207378876952,0.7241289592134502,0.7272727272727273,0.7538356802955426,0.6046447275249107,588.0742046833038
0.3676499270689601,0.8610987228866815,0.6345690184078769,0.7634754625905068,0.7767179904137099,0.6224743098982255,583.6687467098236
0.3075665324497436,0.8858301236570039,0.7527972974800239,0.7449718423169751,0.7630153340581555,0.5957359335811339,581.4900350570679
0.2771210864364509,0.9006284208392459,0.7133606164712438,0.7514078841512469,0.7730748159600124,0.6354759021370577,581.6885392665863
0.24033557018863605,0.9141698763429962,0.6215051314520049,0.7916331456154465,0.7938383624328529,0.6285938732843512,579.836873292923
0.21259295000384504,0.9242246097709305,0.7359223343725657,0.7610619469026548,0.7769209097890024,0.6078560879929862,583.0271368026733
0.19116360680848668,0.931400770322319,0.7998555888116887,0.7771520514883347,0.784798633281611,0.6431504564508002,579.4155128002167
0.17565420897888612,0.9368741131157511,0.778313241605306,0.7715205148833467,0.7807016916994283,0.6085867140485578,579.3455839157104
0.1651184877196843,0.9397526859922968,0.7065920682799308,0.7916331456154465,0.7957329153875756,0.613889440101717,581.044837474823
0.15186066687448427,0.9465234137441719,0.8980356659605344,0.7473853580048271,0.7721908123918886,0.6029648846314377,581.7751290798187
0.14309999395381623,0.9492803567808635,0.7350143290822388,0.8181818181818182,0.8171341428010557,0.6702163972253119,581.2388246059418
0.13211658069727605,0.9540644638151227,0.7761395458051109,0.7876106194690266,0.7983017965093134,0.6474571585181039,580.4511260986328
0.12950512661264268,0.9539428339752686,0.8218098275141666,0.8012872083668544,0.8007286204341071,0.656180159725542,581.2188770771027
0.11487438266875233,0.9596999797283601,0.7750019177446803,0.8165728077232502,0.8122609750224619,0.6717255253578869,580.4598217010498
0.1127849081431106,0.9617676870058788,0.8733408300750023,0.7868061142397426,0.7910241564651673,0.668308784034074,580.8939063549042
0.11077240206650105,0.9606730184471923,0.7659488499212533,0.8230088495575221,0.8173684377331234,0.6376558139361166,579.9260790348053
0.09865191413039413,0.9644030002027164,0.8556106196999645,0.7763475462590507,0.7834512702855089,0.6029020899946297,581.396790266037
0.09717306683363705,0.9653760389215488,0.7691895519162222,0.8213998390989542,0.818672509969136,0.6634647638000386,580.6636643409729
0.08952767215452041,0.9691465639570241,0.8028770646594363,0.8197908286403862,0.8196363620391269,0.6643428802105033,578.649667263031
0.0931536435316693,0.9669166835597,0.9073264582782432,0.7860016090104586,0.7918623548869443,0.6464262221559233,579.3031613826752
0.08915597234741979,0.9699168862760997,0.7798820605032499,0.8181818181818182,0.8204057962646596,0.677881345905215,578.1256556510925
0.08007615319032735,0.9703628623555646,0.8663514962813975,0.8109412711182623,0.8055575895844197,0.6427742283052686,581.2175102233887
0.08126830399658863,0.9717818771538618,0.8424588038570345,0.8037007240547064,0.8003224943353188,0.6486604847834698,579.5843675136566
0.07851027766714232,0.9727954591526454,0.8076999774405003,0.8173773129525342,0.8149377058840401,0.6719644033205763,578.3997182846069
0.0755612438414363,0.973322521792013,0.8699478237790056,0.8181818181818182,0.810403838775382,0.6453709261638385,582.8523032665253
0.07690187451571638,0.9725521994729374,0.8820810387523924,0.827031375703942,0.8179424978036318,0.6503693345415981,582.4040212631226
0.06914494904941909,0.9759172917088993,0.9495673380546386,0.7811745776347546,0.7950895828144445,0.6433898366046812,582.421555519104
0.06634708257596324,0.977174133387391,0.9024953731393393,0.7795655671761866,0.786903279292751,0.6286678911798809,581.147486448288
0.0682084884189829,0.9760794648287047,0.8695336897960135,0.8037007240547064,0.8043618282468407,0.6314489977272265,583.505743265152
0.06927060858019342,0.9755118589093857,0.879891913165417,0.8109412711182623,0.8053008590020064,0.6380989168963025,580.9687802791595
0.05955735062798963,0.9800121629839854,0.876999633645973,0.8053097345132744,0.8018176420050445,0.6437807555454615,577.3518698215485
0.06801644655062725,0.976120008108656,0.8944992956766081,0.8101367658889783,0.8115577999382516,0.6361964451992554,579.9913051128387
0.05716517849003312,0.9796878167443747,0.943467437309885,0.8141592920353983,0.8071272758610277,0.6515557945412757,580.2370855808258
0.059646848729852577,0.9789580377052504,0.9091834220450824,0.8141592920353983,0.8121062226709471,0.6610309399394405,579.8776676654816
0.06056534356566759,0.9794040137847152,0.9337661928547455,0.8045052292839904,0.7978870750905611,0.6267522227065686,583.1906156539917
0.058179233598150165,0.9802959659436449,0.8486886693888486,0.8173773129525342,0.8127683770272962,0.6425956024485278,583.6683609485626
0.05591855691241796,0.9807013987431583,0.9076420927086092,0.8117457763475463,0.806842760717856,0.6474201360430899,583.775101184845
0.05592673112685587,0.9809041151429151,0.9235824592777154,0.8028962188254224,0.8057406328074929,0.6361441474282934,579.0687282085419
0.05323464043646864,0.981593350902088,0.8974916122416192,0.8181818181818182,0.8181410009732463,0.6439299656861953,579.733654499054
0.0522909778256425,0.9822015001013582,0.85364848483213,0.8109412711182623,0.8045120213534817,0.6383305435175388,579.9927048683167
0.05069700800857865,0.9823231299412123,0.9697149059078143,0.8101367658889783,0.799759936780654,0.5872644560263435,578.4252953529358
0.0505496371502284,0.9824853030610177,0.8670199212235303,0.8085277554304103,0.8060563074866508,0.6456228913937858,581.9252917766571
0.04356206694032416,0.9849584431380499,1.0438489329162761,0.8230088495575221,0.8210412355279751,0.6608708245022846,580.1911127567291
0.05260434985952726,0.9813500912223799,0.8864116295632679,0.8085277554304103,0.8097352445676386,0.636150988294395,578.3043766021729
0.05195912342312688,0.981836610581796,0.9986013916477693,0.8101367658889783,0.8008144645570335,0.6194712030456095,582.0611684322357
0.04282732208731578,0.9844313804986824,1.0164450450185223,0.7916331456154465,0.7972737664389646,0.6282111285625567,579.5709421634674
0.04440162099941567,0.9849178998580985,0.9523955568707191,0.8133547868061143,0.8109375054671668,0.6602223024379736,579.1977701187134
0.04555274781335078,0.984390837218731,0.9039781500712001,0.8238133547868061,0.8141369806104208,0.6481348747788612,581.1403388977051
