path,image_id,pred_class,pred_label,true_class,true_label,confidence,status,vessel_density,qc_pass,probabilities
A:\DR_classification\data\organized\pooled_aptos_ddr\test\0_No_DR\04aef84a2cc1.png,04aef84a2cc1,0,No DR,0,No DR,0.9718015789985657,CORRECT,16.7843211494104,True,"[0.9718015789985657, 0.005417325533926487, 0.009423705749213696, 0.0057050371542572975, 0.0076523711904883385]"
A:\DR_classification\data\organized\pooled_aptos_ddr\test\1_Mild\007-0096-000.jpg,007-0096-000,1,Mild,1,Mild,0.9236301183700562,CORRECT,16.64354303730115,True,"[0.05393421649932861, 0.9236301183700562, 0.006470207590609789, 0.008633465506136417, 0.00733206607401371]"
A:\DR_classification\data\organized\pooled_aptos_ddr\test\2_Moderate\071435a218ec.png,071435a218ec,2,Moderate,2,Moderate,0.9295151233673096,CORRECT,17.378695257060283,True,"[0.010617844760417938, 0.026508687064051628, 0.9295151233673096, 0.012377842329442501, 0.020980507135391235]"
A:\DR_classification\data\organized\pooled_aptos_ddr\test\3_Severe\007-3360-200.jpg,007-3360-200,3,Severe,3,Severe,0.7681491374969482,CORRECT,16.759518330956134,True,"[0.009855087846517563, 0.030616071075201035, 0.021823927760124207, 0.7681491374969482, 0.16955578327178955]"
A:\DR_classification\data\organized\pooled_aptos_ddr\test\4_Proliferative_DR\007-3122-100.jpg,007-3122-100,4,Proliferative DR,4,Proliferative DR,0.48431119322776794,CORRECT,12.795239350983426,True,"[0.13935486972332, 0.14509405195713043, 0.06049023196101189, 0.17074963450431824, 0.48431119322776794]"
A:\DR_classification\data\organized\pooled_aptos_ddr\test\0_No_DR\0b2ea8f268cf.png,0b2ea8f268cf,0,No DR,0,No DR,0.9628875255584717,CORRECT,8.934603616825452,False,"[0.9628875255584717, 0.02574027143418789, 0.003757040249183774, 0.002986487001180649, 0.004628688562661409]"
A:\DR_classification\data\organized\pooled_aptos_ddr\test\0_No_DR\0babc12807b2.png,0babc12807b2,1,Mild,0,No DR,0.6720199584960938,INCORRECT,23.95748932510824,True,"[0.03947195038199425, 0.6720199584960938, 0.15350331366062164, 0.026572782546281815, 0.10843203216791153]"
A:\DR_classification\data\organized\pooled_aptos_ddr\test\0_No_DR\0d744aed4d64.png,0d744aed4d64,0,No DR,0,No DR,0.9480320811271667,CORRECT,13.76445862225617,True,"[0.9480320811271667, 0.015606991946697235, 0.010696770623326302, 0.012601195834577084, 0.013062894344329834]"
A:\DR_classification\data\organized\pooled_aptos_ddr\test\0_No_DR\0e94cd271c00.png,0e94cd271c00,0,No DR,0,No DR,0.882942795753479,CORRECT,15.745494564594921,True,"[0.882942795753479, 0.05222024768590927, 0.03135418891906738, 0.01978776976466179, 0.013695018365979195]"
A:\DR_classification\data\organized\pooled_aptos_ddr\test\0_No_DR\1509d097b69a.png,1509d097b69a,0,No DR,0,No DR,0.8981293439865112,CORRECT,13.486178683650959,True,"[0.8981293439865112, 0.030336908996105194, 0.04228468984365463, 0.014073606580495834, 0.015175407752394676]"
