epoch,stage,lr,train_loss,train_acc,val_loss,val_acc,val_macro_f1,val_weighted_f1,val_qwk,val_auc,epoch_seconds,msag_alpha,train_max_abs_logit,val_max_abs_logit,val_min_true_probability,val_mean_true_probability
1,1,0.0003,1.2786935271986997,0.5525301204819277,1.0373274604709162,0.6878612716763006,0.6690466095182447,0.6731667258803383,0.7821849096419049,0.9189644507394024,158.75577211380005,0.010048284195363522,7.6015625,5.8068108558654785,0.002243633847683668,0.5493354981115558
2,1,0.0003,1.107476360596806,0.6337349397590362,0.9391415215641088,0.7456647398843931,0.7371847815137829,0.7416044188469344,0.8218172047825892,0.9285612022211478,148.1650149822235,0.014973700977861881,8.03125,5.579780101776123,0.013441679067909718,0.5690845253380278
3,1,0.0003,1.0413308463039168,0.671566265060241,0.9302781193242596,0.7360308285163777,0.7266556637981679,0.7304043405870422,0.8182744039969927,0.9311356998589748,147.91117143630981,0.017690056934952736,6.94140625,5.581792831420898,0.01644703932106495,0.5735479974562951
4,2,0.0002,0.981841049653938,0.7036144578313253,0.8808417696943632,0.7726396917148363,0.7673386587339841,0.771782929726936,0.835986772270025,0.9434576555213054,149.1454484462738,0.021944982931017876,7.85546875,6.410730838775635,0.014025812968611717,0.6090442863273253
5,2,0.0002,0.9045632718557335,0.7525301204819277,0.888036308031321,0.7803468208092486,0.7725448783730873,0.7757109716707072,0.8296602782769642,0.9470406316512114,147.65460109710693,0.025190355256199837,7.62109375,6.346446990966797,0.009890775196254253,0.6416888870944867
6,2,0.0002,0.8573730180349695,0.7787951807228916,0.8170438896943608,0.8092485549132948,0.804895486149045,0.8081672879352368,0.8774575538012328,0.9550837457385233,149.70321106910706,0.02746129035949707,7.359375,6.6843061447143555,0.00904833897948265,0.6704051333815146
7,2,0.0002,0.8149162638331034,0.8009638554216868,0.8089512850737526,0.8169556840077071,0.8133937248726688,0.815272609538723,0.8797310843193782,0.954892567881408,148.3552758693695,0.029453091323375702,7.890625,6.1005859375,0.007405860815197229,0.6786875894763337
8,2,0.0002,0.7933758049700633,0.8110843373493976,0.7974667108127836,0.8073217726396917,0.8043171407435483,0.8074426922445294,0.8817169375215343,0.9600320614408941,148.9253101348877,0.031624142080545425,7.9921875,6.96445894241333,0.005285634193569422,0.6817437421839132
9,3,5e-05,0.7402723815642207,0.8380722891566265,0.7839465802804583,0.8227360308285164,0.8192139292884988,0.8218705077479632,0.8824185253303316,0.9616709611047026,150.70107531547546,0.03193848207592964,7.30859375,6.316442489624023,0.00702521251514554,0.6994926777878249
10,3,5e-05,0.727377860976989,0.846987951807229,0.7789599312063816,0.8188824662813102,0.8159141873495882,0.8191171068720194,0.8780033945296056,0.9607996094098274,150.71267914772034,0.03233526274561882,7.09375,5.847122669219971,0.009311323054134846,0.6947761234290797
11,3,5e-05,0.7095580689303846,0.8559036144578314,0.7716227432206876,0.8227360308285164,0.8192491331222674,0.8225525079396618,0.8827559202302624,0.9631216269078632,150.98262858390808,0.03251097723841667,8.0234375,6.243764400482178,0.0070106713101267815,0.7072919163860107
12,3,5e-05,0.7012918372326586,0.8612048192771085,0.7612737084170068,0.8342967244701349,0.8308741193447077,0.8335908100613982,0.8896048358459215,0.9644925498615221,152.03621745109558,0.032772377133369446,7.81640625,5.977952003479004,0.004865250550210476,0.7096168383927244
13,3,5e-05,0.6948565516414412,0.8667469879518073,0.7779729756776078,0.8131021194605009,0.8100701523432278,0.8134459426516238,0.8714506831051845,0.9622843267610051,151.76695013046265,0.03306511417031288,7.3515625,5.903698921203613,0.003090502927079797,0.7063479060612202
14,3,5e-05,0.6824628262347485,0.8739759036144579,0.7690959822006078,0.8169556840077071,0.8138587075716307,0.8163193298365448,0.8831165321418276,0.9651032518275263,149.50635361671448,0.03323625028133392,6.4921875,6.345199108123779,0.0020924604032188654,0.7203296829510286
15,3,5e-05,0.6791189835444991,0.8722891566265061,0.7534630238895011,0.8362235067437379,0.8328430344843444,0.8360638478507739,0.8935399676043486,0.9658666182704337,151.07163381576538,0.03366677463054657,6.66015625,5.61783504486084,0.0038939611986279488,0.7141262887759935
16,3,5e-05,0.6639496891757092,0.8804819277108433,0.7514344162104906,0.8323699421965318,0.8290455353312496,0.8317364905308753,0.8861982548854419,0.9660935433452794,150.27554154396057,0.033723875880241394,6.5078125,5.7896294593811035,0.0033678661566227674,0.719825861311602
17,3,5e-05,0.6587428643330034,0.883855421686747,0.7544815278466727,0.8304431599229287,0.8266183608672726,0.8299091587917914,0.8894976910769644,0.9658096020881739,150.2474446296692,0.03375398367643356,6.71484375,6.24724817276001,0.004529543686658144,0.7223709047644584
18,3,5e-05,0.6528172207453165,0.8862650602409639,0.763712005578484,0.8246628131021194,0.8212174881236779,0.8237584812958577,0.8818425227641413,0.9645741490729434,150.77704739570618,0.034047603607177734,7.08984375,6.164070129394531,0.005983306095004082,0.7154838992910808
19,3,5e-05,0.6420046816676496,0.891566265060241,0.7492277167436016,0.8227360308285164,0.8190168177143216,0.8225093931925715,0.8848304633410261,0.9670316791571242,150.20425057411194,0.03415717929601669,7.234375,5.997930526733398,0.005579651799052954,0.7273884122771335
20,3,5e-05,0.6433922351699277,0.8910843373493976,0.7424023302993333,0.8246628131021194,0.8212395965153156,0.8242261900680775,0.8842757965150109,0.9688666956042203,152.08478116989136,0.034167494624853134,7.91796875,6.410574436187744,0.0047347103245556355,0.7267829788443211
21,3,5e-05,0.6359910577751068,0.8944578313253012,0.7378048997853303,0.8285163776493256,0.8242343897771012,0.8277397379013046,0.8881478204648314,0.968814974971252,150.09067749977112,0.03444257378578186,6.69921875,5.786822319030762,0.008693637326359749,0.720643478092201
