path,image_id,eye,true_class,true_label,pred_class,pred_label,confidence,status,probabilities
A:\DR_classification\data\organized\pooled_aptos_ddr\test\0_No_DR\04aef84a2cc1.png,04aef84a2cc1,N/A,0,No DR,0,No DR,0.9904158115386963,CORRECT,"[0.9904158115386963, 0.002111803973093629, 0.002932560397312045, 0.0017843972891569138, 0.0027555006090551615]"
A:\DR_classification\data\organized\pooled_aptos_ddr\test\1_Mild\007-0096-000.jpg,007-0096-000,N/A,1,Mild,1,Mild,0.9855066537857056,CORRECT,"[0.0024664676748216152, 0.9855066537857056, 0.0008408027933910489, 0.00757369352504611, 0.0036123530007898808]"
A:\DR_classification\data\organized\pooled_aptos_ddr\test\2_Moderate\071435a218ec.png,071435a218ec,N/A,2,Moderate,2,Moderate,0.9312418699264526,CORRECT,"[0.00864014308899641, 0.014806987717747688, 0.9312418699264526, 0.023065341636538506, 0.022245660424232483]"
A:\DR_classification\data\organized\pooled_aptos_ddr\test\3_Severe\007-3360-200.jpg,007-3360-200,N/A,3,Severe,3,Severe,0.565373957157135,CORRECT,"[0.007362833246588707, 0.009778943844139576, 0.12767593562602997, 0.565373957157135, 0.28980836272239685]"
A:\DR_classification\data\organized\pooled_aptos_ddr\test\4_Proliferative_DR\007-3122-100.jpg,007-3122-100,N/A,4,Proliferative DR,1,Mild,0.42238831520080566,INCORRECT,"[0.018430009484291077, 0.42238831520080566, 0.3919634521007538, 0.09367331862449646, 0.07354490458965302]"
A:\DR_classification\data\organized\pooled_aptos_ddr\test\0_No_DR\0b2ea8f268cf.png,0b2ea8f268cf,N/A,0,No DR,0,No DR,0.9932004809379578,CORRECT,"[0.9932004809379578, 0.003587874583899975, 0.0009713423205539584, 0.0007090326398611069, 0.001531295827589929]"
A:\DR_classification\data\organized\pooled_aptos_ddr\test\0_No_DR\0babc12807b2.png,0babc12807b2,N/A,0,No DR,1,Mild,0.6613731980323792,INCORRECT,"[0.013542273081839085, 0.6613731980323792, 0.2929094433784485, 0.0068591865710914135, 0.025315890088677406]"
A:\DR_classification\data\organized\pooled_aptos_ddr\test\0_No_DR\0d744aed4d64.png,0d744aed4d64,N/A,0,No DR,0,No DR,0.975505530834198,CORRECT,"[0.975505530834198, 0.01425020769238472, 0.003320187097415328, 0.0032758601009845734, 0.0036482110153883696]"
A:\DR_classification\data\organized\pooled_aptos_ddr\test\0_No_DR\0e94cd271c00.png,0e94cd271c00,N/A,0,No DR,0,No DR,0.9437483549118042,CORRECT,"[0.9437483549118042, 0.018223624676465988, 0.007324948441237211, 0.027906199917197227, 0.0027968778740614653]"
A:\DR_classification\data\organized\pooled_aptos_ddr\test\0_No_DR\1509d097b69a.png,1509d097b69a,N/A,0,No DR,0,No DR,0.9498917460441589,CORRECT,"[0.9498917460441589, 0.014280752278864384, 0.020287593826651573, 0.009051231667399406, 0.006488596089184284]"
