epoch,stage,train_loss,train_acc,val_loss,val_acc,val_macro_f1,val_weighted_f1,val_qwk,val_auc,val_min_true_probability,val_mean_true_probability,elapsed_seconds,lr_cbam_head,lr_backbone
1,1,1.4076436319695897,0.4580722891566265,1.0645340403150731,0.6127167630057804,0.592149711070001,0.5987821439107576,0.7762207116927502,0.8667821969137137,0.010626289993524551,0.4771885344173637,126.27872204780579,0.0003,0.0
2,1,1.269925262497132,0.5240963855421686,1.034965580368777,0.6454720616570327,0.6334618989012892,0.6402558975585584,0.7641653684760101,0.8859918119819266,0.005042967852205038,0.4927480278827379,116.87955355644226,0.0003,0.0
3,1,1.196172465588673,0.5621686746987952,1.077853860652975,0.6011560693641619,0.57812826767124,0.5861349251144473,0.7237346962861623,0.876976957806017,0.0038731121458113194,0.5058299701773922,116.75215148925781,0.0003,0.0
4,1,1.1475352298782533,0.5768674698795181,1.0460355231297958,0.6396917148362236,0.6214862805106284,0.629783947067075,0.7375639163026346,0.8898756931136573,0.009616400115191936,0.5265339579117378,116.67360234260559,0.0003,0.0
5,1,1.135088130307485,0.585301204819277,1.0157285287890132,0.6319845857418112,0.6157669429842112,0.6189712225157035,0.7460165470097069,0.89769331472689,0.006653680000454187,0.518676411564173,118.24378156661987,0.0003,0.0
6,2,1.0420362688547158,0.6277108433734939,0.8653102793904858,0.7129094412331407,0.7020635009525419,0.7077945287671413,0.8088661580987784,0.9239968131001538,0.004946387372910976,0.59272819759256,116.98715686798096,0.0001,1e-05
7,2,0.9680418833767075,0.6718072289156627,0.905286363553909,0.7013487475915221,0.6912875690948403,0.6942670526668638,0.8023900558376263,0.9219620013151424,0.0035832314752042294,0.597087438121395,114.74103665351868,0.0001,1e-05
8,2,0.9072827523013195,0.6951807228915663,0.8308203169835555,0.720616570327553,0.7106790838606017,0.714903349753039,0.8417393995054496,0.9378432651472807,0.0023440434597432613,0.6484892184169594,117.74942922592163,0.0001,1e-05
9,2,0.8642601059143802,0.7142168674698796,0.81198875339045,0.7321772639691715,0.7255658819716315,0.7292409660752677,0.8417984730483951,0.9395321200167457,0.0010042376816272736,0.6571777251846047,116.57872152328491,0.0001,1e-05
10,2,0.8174117608817227,0.7371084337349397,0.7670744177463656,0.7726396917148363,0.7669465955932832,0.7702913487622013,0.8711870910732736,0.9441240877263757,0.003129407064989209,0.6669230920200726,115.55474424362183,0.0001,1e-05
11,2,0.8041907458707511,0.7469879518072289,0.761396552326592,0.7784200385356455,0.7731130164863413,0.7758700284488242,0.875588694895184,0.9475921793992204,0.002999404678121209,0.6836544020323043,116.10742449760437,0.0001,1e-05
12,2,0.770622862160924,0.7556626506024097,0.7715313154378608,0.7707129094412332,0.765733562552924,0.7686255670732131,0.8715374386621667,0.9455857993886209,0.0016963009256869555,0.6832162414507865,116.06604838371277,0.0001,1e-05
13,2,0.7470453642649822,0.7814457831325301,0.792209333996782,0.7649325626204239,0.7589320262075467,0.761504738987239,0.8573634440486737,0.942478832007523,0.0014771451242268085,0.6823156855960946,115.00476264953613,0.0001,1e-05
14,3,0.7174843065997204,0.7855421686746988,0.7724915717608207,0.7745664739884393,0.7690738289066557,0.7713838711031299,0.875447749917783,0.947294870157727,0.001502667786553502,0.7061527001376305,118.04396319389343,3e-05,5e-06
15,3,0.6996892735757023,0.7951807228915663,0.7492567349031481,0.789980732177264,0.7841110238762632,0.786533624583389,0.8819026892254787,0.9493825405549303,0.0009932212997227907,0.7100974240610358,118.36142110824585,3e-05,5e-06
16,3,0.6744215599887342,0.8060240963855422,0.7295508945149034,0.7822736030828517,0.7775854390744461,0.7785272801072041,0.8839749002826569,0.9530969509907579,0.0012741914251819253,0.713774252928989,116.05276131629944,3e-05,5e-06
17,3,0.6736319873993656,0.8081927710843374,0.7071687362097592,0.7957610789980732,0.7909377045710183,0.7929563935667706,0.8902175513755941,0.9560339085521837,0.0009029371431097388,0.717677311190971,116.0360255241394,3e-05,5e-06
18,3,0.6517603706451783,0.8149397590361446,0.7130328492622156,0.789980732177264,0.7855274924207726,0.786826987030971,0.8879942738241466,0.955952356841348,0.0015119025483727455,0.7157728792094628,117.18215990066528,3e-05,5e-06
19,3,0.6233826192603054,0.8349397590361446,0.7647485181775396,0.7764932562620424,0.7717678031318218,0.7727691710170024,0.8665117390818313,0.951340897019589,0.0007849273970350623,0.7206260612587084,117.18795943260193,3e-05,5e-06
20,3,0.6090452034502144,0.8346987951807229,0.7405340134063897,0.7803468208092486,0.7752134879535261,0.7764370770893083,0.8729281567554921,0.9547254302708247,0.0008613553363829851,0.7241182455542696,117.08210277557373,9e-06,1.5e-06
21,3,0.6018823450157441,0.8421686746987952,0.7130952055973354,0.7957610789980732,0.7925401812110605,0.793771848239782,0.8930217032034935,0.9572151603064073,0.0010147590655833483,0.7298596060591677,119.11668658256531,9e-06,1.5e-06
22,3,0.5910595091279731,0.8424096385542169,0.7000621077182895,0.7976878612716763,0.7934659437069015,0.7964766630813556,0.8930556509529981,0.9583087089921026,0.0010215012589469552,0.7378949073748035,116.27154612541199,9e-06,1.5e-06
23,3,0.5939995407196412,0.8457831325301205,0.7116620200677184,0.791907514450867,0.7879139809934241,0.7900934919634061,0.8819329238521444,0.9571035243960004,0.0006418117554858327,0.7335774821930463,116.81602549552917,9e-06,1.5e-06
24,3,0.5843540968377906,0.8496385542168675,0.7002243458191094,0.8053949903660886,0.8020790882474783,0.8045293999844481,0.8948725785769963,0.958265081939067,0.0005370308645069599,0.7397974096687228,118.49875473976135,9e-06,1.5e-06
25,3,0.5762231168402246,0.8508433734939759,0.6951408400011889,0.7957610789980732,0.7926625545497694,0.7941832867146208,0.8922789539227896,0.959437114215991,0.0009712193277664483,0.7385547358031486,116.69133019447327,9e-06,1.5e-06
26,3,0.5815815544128418,0.8527710843373494,0.6975317929291771,0.8073217726396917,0.8038218634945677,0.8057598954791035,0.8900922986362486,0.9579195844531162,0.0008350276621058583,0.7365278864989545,117.20795607566833,9e-06,1.5e-06
27,3,0.5698181623435882,0.8532530120481928,0.712210836208395,0.8034682080924855,0.8001013414379674,0.8019319493327396,0.8905250636197967,0.9580961836689564,0.000923696206882596,0.7399034101963725,117.68285846710205,9e-06,1.5e-06
28,3,0.5641710739825145,0.8621686746987952,0.6949499494078532,0.8169556840077071,0.8136979291417699,0.8158468066350679,0.8994228656258478,0.9596385939195503,0.0011977741960436106,0.7429832706011666,116.3725152015686,9e-06,1.5e-06
29,3,0.5693893814086914,0.8612048192771085,0.7197588780941532,0.791907514450867,0.7876339712221438,0.788918398872763,0.8886687697160883,0.9581008887643678,0.0010509011335670948,0.7398348407755266,116.18339085578918,9e-06,1.5e-06
30,3,0.5677367297712579,0.8556626506024096,0.7119086050573801,0.7996146435452793,0.7959132216174121,0.7974467827513939,0.8929992284485514,0.9590091852778011,0.000998782692477107,0.7396164548449642,117.6404492855072,9e-06,1.5e-06
31,3,0.5586693117417485,0.8575903614457832,0.6692951180342305,0.8169556840077071,0.8130681001340252,0.8165410056468317,0.898417635367531,0.9611594550744276,0.0014700000174343586,0.7506947261855538,116.38443541526794,9e-06,1.5e-06
32,3,0.5557188187449812,0.863855421686747,0.6929165255816686,0.8111753371868978,0.8077993111245414,0.8094817942739707,0.8892583772289098,0.9602153848521728,0.0012762859696522355,0.743218781449204,116.5866928100586,9e-06,1.5e-06
33,3,0.5597559202722756,0.8636144578313253,0.7067053497182152,0.8053949903660886,0.8011127382001554,0.8037476645704357,0.8960598664270579,0.9597203385707894,0.0006789183244109154,0.7468140680299846,117.86026310920715,9e-06,1.5e-06
34,3,0.5368803861916783,0.8715662650602409,0.6946240330477441,0.8092485549132948,0.8059822734425286,0.8081755310510845,0.8963168195110487,0.9604266267651695,0.0009009898058138788,0.7468014715614223,117.24241590499878,2.7e-06,4.5e-07
