epoch,train_loss,train_accuracy,val_loss,val_accuracy,val_macro_f1,val_qwk,val_macro_roc_auc,learning_rate,epoch_seconds
1,0.9963244511556493,0.5899721448467966,0.4708457893116182,0.811965811965812,0.6812031398686824,0.8964380722556317,0.9498417171576019,0.0001,249.137788772583
2,0.6739612325984455,0.7409470752089137,0.4865544051186651,0.8347578347578347,0.7136028566472323,0.8968397875922808,0.9452977786709049,0.0001,210.28315424919128
3,0.5293208477390842,0.7962395543175488,0.4563168010480723,0.8376068376068376,0.7045176667158091,0.9037876285326717,0.9497286228511628,0.0001,210.76310539245605
4,0.4218475355079247,0.8448467966573816,0.5348087946573893,0.8347578347578347,0.703648122288661,0.9055478690343798,0.9419667794457016,0.0001,210.50728130340576
5,0.327494598887757,0.8798050139275766,0.5587895607676601,0.8547008547008547,0.7298943872549735,0.9047499309132644,0.9305063931430837,0.0001,211.34412288665771
6,0.2658486246564594,0.9022284122562674,0.5838095974548589,0.8404558404558404,0.7150947927646238,0.9180371036497511,0.9414884891032382,0.0001,210.57971739768982
7,0.23552673865825685,0.9133704735376045,0.5609423373839115,0.8518518518518519,0.7324545558032296,0.9312952326988951,0.9420144946898722,0.0001,210.63097524642944
8,0.20535068160395104,0.9266016713091922,0.5616291289315943,0.8632478632478633,0.738503310247588,0.9178220240640078,0.9388592920705093,0.0001,211.27250456809998
9,0.1767982071799986,0.9401114206128134,0.6714133281059075,0.8660968660968661,0.7543555652234767,0.9238768881839727,0.9361739807797441,0.0001,210.17195177078247
10,0.15542251129626897,0.9448467966573816,0.745838711319486,0.8404558404558404,0.7110406971949129,0.9038848043647861,0.9326184023475401,0.0001,209.04768538475037
11,0.15126458269785206,0.9476323119777159,0.672465093200363,0.8518518518518519,0.7045423067811127,0.9125828226906932,0.9312318032994881,0.0001,209.39189291000366
12,0.12407101194444307,0.9550139275766016,0.6223350736150715,0.8632478632478633,0.7344495435611773,0.9185495709550978,0.9419447417904141,0.0001,246.71446013450623
13,0.12450959038788395,0.9527855153203343,0.747608191776819,0.8433048433048433,0.712035742035742,0.908531433189173,0.9337298482361712,0.0001,257.8185932636261
14,0.11295820424400664,0.95974930362117,0.8160796085653821,0.8347578347578347,0.6837217489148519,0.9016852621259511,0.9223968028540435,1e-05,256.98283529281616
15,0.08441447265352794,0.9688022284122563,0.8160897734498027,0.8376068376068376,0.6897429078014184,0.9108394165266143,0.9248115136423121,1e-05,257.1057074069977
16,0.08347173656147586,0.9708913649025069,0.7919881445729834,0.8290598290598291,0.6924077924729339,0.8970776844837566,0.9279427063014041,1e-05,255.10986995697021
17,0.06971431255086344,0.9754874651810584,0.7727552348392301,0.8461538461538461,0.7160437247560435,0.9183755629293078,0.9272925771510245,1e-05,256.97247529029846
18,0.07188181640543978,0.9756267409470752,0.7884222201132707,0.8376068376068376,0.6992601078578969,0.9090923078106609,0.9298118413848983,1e-05,257.4271595478058
19,0.06541208155650366,0.9763231197771588,0.8172621603874739,0.8376068376068376,0.702500128933265,0.9124169827727439,0.9254323361418096,1e-05,256.6937382221222
20,0.06989610974072455,0.9725626740947075,0.806923542267237,0.8347578347578347,0.6991589682009016,0.899407803801722,0.9272161714175736,1e-05,255.28049039840698
21,0.06009976362088348,0.9779944289693593,0.8098889607140142,0.8205128205128205,0.6615386287173689,0.8996764900050841,0.9282155732743739,1e-05,256.76939058303833
22,0.06730059896606153,0.9749303621169917,0.817266428402686,0.8290598290598291,0.6861097764906147,0.902928975487115,0.9295013828584292,1e-05,257.92331528663635
23,0.05990943480646212,0.9782729805013928,0.796145249890466,0.8376068376068376,0.6945302578308119,0.9151088851490935,0.9278453445182784,1e-05,256.80125522613525
24,0.060827824257023655,0.9788300835654596,0.8334912780852739,0.8376068376068376,0.6856534880371561,0.9061921986922847,0.9269166332086402,1e-05,256.9166069030762
25,0.05819694213205975,0.9779944289693593,0.8675267762607999,0.8404558404558404,0.6911044823258903,0.9038271649615113,0.9211467751651486,1.0000000000000002e-06,256.03861474990845
26,0.05733196955189773,0.9788300835654596,0.8135917948351966,0.8376068376068376,0.6817366946778712,0.9080720570274272,0.9237185419870526,1.0000000000000002e-06,258.1364929676056
27,0.05636398151548045,0.9784122562674095,0.866754204671607,0.8433048433048433,0.6908216619981327,0.9089527562562392,0.921936197279061,1.0000000000000002e-06,256.5898151397705
28,0.052159177777059064,0.9799442896935933,0.8487256728006564,0.8376068376068376,0.6917965089124216,0.9093577730228832,0.9245218537278598,1.0000000000000002e-06,257.5305359363556
29,0.05701777944769347,0.9796657381615599,0.8390141766720008,0.8290598290598291,0.6721419305504989,0.8991689567598211,0.9238511367259571,1.0000000000000002e-06,257.06972646713257
30,0.06016835662404018,0.9775766016713092,0.8488063750273821,0.8319088319088319,0.6804892119540388,0.9020679910614868,0.9224657162485104,1.0000000000000002e-06,256.22143054008484
31,0.055984981476088005,0.9800835654596101,0.8426104040227385,0.8290598290598291,0.6799293833118598,0.9000465983224604,0.9228657097901387,1.0000000000000002e-06,257.0546054840088
32,0.05455528016132108,0.9809192200557103,0.8619338266360455,0.8376068376068376,0.6849713191838555,0.9066265615575673,0.9217516005140347,1.0000000000000002e-06,256.89744687080383
33,0.051561940942104895,0.982033426183844,0.8196800026373986,0.8347578347578347,0.6912970126937482,0.9036704801185594,0.9265165979488685,1.0000000000000002e-06,257.15139508247375
34,0.055227600625122074,0.9818941504178273,0.8729596479750766,0.8319088319088319,0.6768816160175989,0.9006695762120005,0.9215809638870726,1.0000000000000002e-06,257.01414251327515
35,0.05227863127106287,0.9800835654596101,0.8507547082214953,0.8347578347578347,0.6881525640655524,0.9044888058444402,0.9232663346641357,1.0000000000000002e-06,257.2365746498108
36,0.051431776241017996,0.9811977715877437,0.8268720518659662,0.8347578347578347,0.6864936156725644,0.9012768308040816,0.9232416844455861,1.0000000000000002e-07,257.2990093231201
37,0.05129639586215854,0.9793871866295265,0.8304663797644128,0.8290598290598291,0.6824515955966876,0.9045147789693957,0.9263576756760964,1.0000000000000002e-07,256.4679081439972
38,0.053756003337198856,0.981058495821727,0.8374356703031437,0.8347578347578347,0.6886218373981977,0.9056338064231999,0.9247933279449697,1.0000000000000002e-07,258.009991645813
39,0.05221890442898305,0.9816155988857939,0.846275277711727,0.8319088319088319,0.6880383630084472,0.89998677073687,0.9228059019470447,1.0000000000000002e-07,257.9943356513977
40,0.050809250546562226,0.9809192200557103,0.8312505937879242,0.8376068376068376,0.6948718373981977,0.9038363551169751,0.9233181910741892,1.0000000000000002e-07,259.72588419914246
41,0.05042517592762091,0.9823119777158774,0.8256561574433264,0.8205128205128205,0.6689663629405553,0.8952793078290432,0.9246776674824145,1.0000000000000002e-07,258.61623644828796
42,0.04677652756691311,0.9834261838440111,0.8491028951443838,0.8433048433048433,0.6986226209618277,0.9044600847688299,0.9225724902669992,1.0000000000000002e-07,257.5154891014099
43,0.052073794386730966,0.9788300835654596,0.8232137404191189,0.8233618233618234,0.6669210640485813,0.9026489858288154,0.9244709734029314,1.0000000000000002e-07,256.7876214981079
44,0.05193072184531179,0.9817548746518105,0.856153580495435,0.8376068376068376,0.697837156697894,0.9050092378151917,0.922658430961366,1.0000000000000002e-07,257.33334374427795
45,0.05174142731526156,0.9823119777158774,0.8391063929538102,0.8319088319088319,0.6720607634844576,0.9010303357968611,0.9257009076250527,1.0000000000000002e-07,257.9157381057739
46,0.04999845893353141,0.9823119777158774,0.8103066487529679,0.8290598290598291,0.6837793703953687,0.9015678776290631,0.9246511111354072,1.0000000000000002e-07,256.06524682044983
47,0.05358691916964471,0.9805013927576601,0.8547902309317195,0.8319088319088319,0.6839541948803525,0.9040013623415761,0.9240505498802822,1.0000000000000004e-08,256.89646887779236
48,0.05503357114545316,0.979108635097493,0.8663678004955634,0.8376068376068376,0.687364408754515,0.9041336204632596,0.9224137251324838,1.0000000000000004e-08,257.6140275001526
49,0.0471513196386262,0.983008356545961,0.8238378075452951,0.8176638176638177,0.6672564881926585,0.8918931200581659,0.928716912571797,1.0000000000000004e-08,256.48184752464294
50,0.05398983585357687,0.9802228412256268,0.8911571509053564,0.8376068376068376,0.6953475210028268,0.9055269723289061,0.9201263215419472,1.0000000000000004e-08,257.88792276382446
