Metric,Value
Test Loss,0.7660304896910844
Accuracy,0.8404558404558404
Macro Precision,0.721092799032984
Macro Recall,0.6442351046698873
Macro F1,0.6697568363057124
Weighted Precision,0.8385036359961524
Weighted Recall,0.8404558404558404
Weighted F1,0.8325649231792147
Balanced Accuracy,0.6442351046698873
Cohen Kappa,0.75037147102526
MCC,0.7542906945085461
Macro ROC-AUC,0.9493568648811918
Weighted ROC-AUC,0.9686679559845797
Macro PR-AUC,0.7259546227962302
Log Loss,0.7660305008174416
Mean Brier Score,0.054076641847801296
Mean Confidence,0.9592624306678772
