train_loss,val_loss,train_accuracy,val_accuracy,train_precision_macro,val_precision_macro,train_recall_macro,val_recall_macro,train_f1_macro,val_f1_macro,learning_rate
1.2398670454437097,0.6867789262295448,0.44254104211277656,0.6723646723646723,0.42888807179682065,0.523937341420506,0.4409855504055592,0.544334564743772,0.4324404277151926,0.47698783299776865,0.0001
0.9961425825411043,0.5499974562550373,0.5692362598144183,0.7834757834757835,0.559980136089913,0.7252783226901512,0.5680953984386959,0.596615515771526,0.561282363285449,0.567162231186999,0.0001
0.918654466760501,0.6203414396173255,0.6081370449678801,0.7236467236467237,0.6045115513013297,0.5949090627660397,0.6059230913881518,0.61845694799659,0.6029565754399009,0.548315830661765,0.0001
0.8520317729416275,0.5317483764895347,0.6366880799428979,0.7407407407407407,0.6314684094000047,0.5594045634423523,0.6335139089364763,0.6219816235673014,0.6306533543190954,0.5696412438139044,0.0001
0.8293657042910422,0.700221518326572,0.6502498215560314,0.7407407407407407,0.6539514003564874,0.5257056066421784,0.6528178987876943,0.5402851188784693,0.6507648637384251,0.48605771317473295,0.0001
0.7960517154601027,0.5205505879601182,0.6680942184154176,0.7635327635327636,0.6645644930838117,0.6157282827903249,0.6644946602615536,0.6426096428909729,0.6633852641336512,0.5975861447689799,0.0001
0.7290382526075729,0.5352337074988758,0.7012847965738758,0.7663817663817664,0.7023748069447647,0.6113265171329687,0.7023039602233092,0.6422629534905749,0.7017573182510202,0.5921915622984761,0.0001
0.7477694997333952,0.79487809145782,0.7044967880085653,0.7350427350427351,0.7097821982588124,0.6139443196334964,0.7071836939567425,0.587381831959837,0.7073631127184542,0.5488737630528675,0.0001
0.7208564747324337,0.5982120790203073,0.7016416845110636,0.7578347578347578,0.70265550106457,0.6586862587857919,0.7021979863620043,0.6699924220896087,0.7017307304710652,0.6021364674923017,0.0001
0.6420205861734204,0.5229433926772273,0.7491077801570307,0.8034188034188035,0.7499977030468241,0.6498245614035087,0.7505446990756609,0.6604755138770484,0.7488154762771437,0.6417391304347826,0.0001
0.6598762900998641,0.7084491252686903,0.7259100642398287,0.7122507122507122,0.7226988488711523,0.5841402204880466,0.7237276614146949,0.6089371980676329,0.7230635265281439,0.5314839363995932,0.0001
0.6424203862533835,0.5269469258340972,0.742326909350464,0.7749287749287749,0.7368773247905908,0.6183522727272728,0.7393414776801241,0.6803239556692242,0.7371434158779286,0.6206867825781999,0.0001
0.6269752626160398,0.5780343696942017,0.7498215560314061,0.7492877492877493,0.7506216940892554,0.5938675117985462,0.7523031522948351,0.6434896277351522,0.7508565425921571,0.5799287241919369,0.0001
0.65476217495808,0.5179992785751607,0.7387580299785867,0.7806267806267806,0.7357655243342633,0.6202811437660625,0.7389385428853212,0.6777218906886426,0.7369309025407402,0.6287305813185695,5e-05
0.4771895660705689,0.5868413923387854,0.8211991434689507,0.7749287749287749,0.8162283586666591,0.6603116883116883,0.8169890528742186,0.6931078904991949,0.8162173204724054,0.6238102615471645,5e-05
0.43035624075752765,0.5760190657942299,0.8397573162027123,0.7749287749287749,0.83743912252581,0.6269233169057682,0.8385319491265586,0.685090461305295,0.8375937160270237,0.6245468989382457,5e-05
0.4161276140015607,0.49008548219139,0.8461812990720914,0.8176638176638177,0.8468701682321809,0.6446880532891578,0.8477743904550927,0.6706914843231979,0.847045750813367,0.6553150991814911,5e-05
0.39806811514175594,0.5614908145862681,0.8551034975017845,0.8091168091168092,0.8537665290832175,0.7173713143428285,0.8548582402010598,0.7355394524959743,0.8540725114402177,0.6758266125779583,5e-05
0.38479689876153417,0.6004022049009163,0.8529621698786581,0.8005698005698005,0.8524292313755947,0.6563894363421363,0.8541495151321339,0.6597499289570901,0.8529158512801175,0.6363409122344803,5e-05
0.35529077674217685,0.6559798072987406,0.8643825838686653,0.792022792022792,0.8638298438900869,0.6577805712689433,0.8659962214841908,0.6759316093587193,0.8639243686341814,0.6292501104691041,5e-05
0.3216668999714672,0.5194904199159028,0.8779443254817987,0.8319088319088319,0.8739496645743536,0.6943151910727445,0.8751546118554782,0.6649502699630577,0.8743189007907712,0.6554523169356928,5e-05
0.3299509106917861,0.5535709702660545,0.8768736616702355,0.8319088319088319,0.8765633064459688,0.6864425420605196,0.8774375475316688,0.6967992800985128,0.8768256317660716,0.6858237929552141,5e-05
0.3030953393886125,0.6746276290443834,0.887937187723055,0.8005698005698005,0.8892898145536987,0.6521320346320346,0.8894351546684005,0.684583688547883,0.8892493911779443,0.6445640815461602,5e-05
0.29514559018568565,0.6193293039866078,0.892933618843683,0.7692307692307693,0.892587899924853,0.6108216676810712,0.892952841414575,0.670680117457611,0.8924597630787886,0.6147834576155524,5e-05
0.28548004689342543,0.6482469862369433,0.8907922912205567,0.7806267806267806,0.8904376156155964,0.6264060760331948,0.8909222589195723,0.6534744719143696,0.8905988053826617,0.6190612734854147,5e-05
0.2655348058026829,0.5611804779764912,0.9082798001427552,0.8176638176638177,0.9062696190922793,0.6397679491979794,0.9056892839714191,0.6459865492090555,0.9057479963257723,0.6413574711152146,2.5e-05
0.2158728465065626,0.6465259955741898,0.9193433261955746,0.8062678062678063,0.9190880012596641,0.6401140408854257,0.9192522760307666,0.6384162167282372,0.9190871212853665,0.6304059173429577,2.5e-05
0.18526383421440634,0.5812992550329201,0.930406852248394,0.8319088319088319,0.9300900690999075,0.6697292502145715,0.9300923174460133,0.6625565975182343,0.929924324821424,0.6658365511996797,2.5e-05
0.1474633439943237,0.6619261541726211,0.9439685938615274,0.8290598290598291,0.944058939671408,0.6728367578665001,0.9441741286073103,0.68196552050772,0.9440975821973192,0.6752507835261589,2.5e-05
0.17328113469585701,0.757112050595152,0.9375446109921485,0.8176638176638177,0.9377054111024588,0.6324527102313513,0.9381977431243367,0.6309633418584826,0.9378582431837048,0.6181075161426163,1.25e-05
0.13821106833431718,0.6599736450935855,0.9482512491077801,0.811965811965812,0.9479247755302895,0.6340266414117754,0.9481568834816901,0.636414701146159,0.9479385262896922,0.633206469684648,1.25e-05
0.12341571709594498,0.6362336016387945,0.953604568165596,0.8205128205128205,0.954141655933759,0.6667396370449513,0.9538900503337242,0.6544520223548356,0.9539232773503029,0.6580684850335641,1.25e-05
0.10857722322475817,0.6832653509644145,0.9610992148465382,0.8233618233618234,0.9607087058910132,0.6775090782940917,0.9609436831325336,0.666683716965047,0.9607797529029123,0.6628433572381832,1.25e-05
0.11755311552140672,0.7174090964789634,0.9618129907209136,0.8262108262108262,0.9624242625926167,0.6717471657157131,0.9626843018135058,0.6551444539168323,0.9625148377651739,0.654593738005647,6.25e-06
0.12181136239556693,0.661447237639262,0.9550321199143469,0.8233618233618234,0.9550963620949318,0.6670354700310097,0.9550887461834945,0.659271573363645,0.9550738634535142,0.6608525598278414,6.25e-06
0.09223604150951377,0.673140911706637,0.9653818700927909,0.8233618233618234,0.9658268753298594,0.6677351783034735,0.9657854246074116,0.6592763095576395,0.9657683732280444,0.6621630851293397,6.25e-06
0.09357488990696858,0.6956683547837007,0.9682369735902926,0.8376068376068376,0.9676363255584413,0.720774818401937,0.9674249723055677,0.6932442928862366,0.9674614240614063,0.6971109885555277,6.25e-06
0.08822615706640363,0.7476928885275331,0.9693076374018558,0.8290598290598291,0.969642264403299,0.6836014566652764,0.9695818821905346,0.6599062233589088,0.9696016070780651,0.6642298330944021,6.25e-06
0.09168691959678808,0.7580695945839696,0.9685938615274804,0.8262108262108262,0.9681866805028942,0.6763105348187534,0.9682598226098117,0.6525035521454959,0.9682098615634583,0.6586334683548307,6.25e-06
0.08317673195560306,0.7317354431691111,0.9671663097787295,0.8205128205128205,0.9671217458222252,0.6611512180629828,0.9672358292931909,0.6455195604811973,0.9671661600927012,0.651155796374972,6.25e-06
0.08443677495981565,0.7537537080434696,0.9707351891506067,0.8233618233618234,0.9709099997930016,0.6697426980066091,0.9709505422334572,0.6429174955006157,0.9709158850894057,0.6531905863570444,3.125e-06
0.09532136255695746,0.7530609909285847,0.9678800856531049,0.8290598290598291,0.9681927993787328,0.6739640414595812,0.9682738929259458,0.6546774651889742,0.9682046499819581,0.6601137741418421,3.125e-06
0.08064506794934259,0.7726451280546551,0.970378301213419,0.8319088319088319,0.9701028132451249,0.692716210343329,0.9702986311190326,0.6583716965046889,0.9701814952521373,0.6682706183046434,3.125e-06
0.06542277319235813,0.7651254479017804,0.9782298358315489,0.8262108262108262,0.9780620914845072,0.6753735029601695,0.9781112945381636,0.6487998484417922,0.978057858852822,0.6584122555478055,3.125e-06
0.08256571562887621,0.7560943760018198,0.9732334047109208,0.8347578347578347,0.9729826194918869,0.6962800332599005,0.9731456892879174,0.6694875438097945,0.9730009504367629,0.67836066182787,1.5625e-06
0.07437277087213401,0.7283903962659399,0.976802284082798,0.8319088319088319,0.9771106597897946,0.6858856638803713,0.9770724783993765,0.6573136307663161,0.9770762926909372,0.667705270378187,1.5625e-06
0.06944881213216017,0.7526253220524105,0.9760885082084225,0.8262108262108262,0.9762509197971182,0.6771397503396244,0.9763834618940386,0.6450914085440939,0.976291227266713,0.6568339727195227,1.5625e-06
0.07745133513726918,0.7287643417343149,0.9757316202712348,0.8262108262108262,0.9757738808715185,0.678492698006609,0.9757800785814712,0.6540286066117268,0.9757534852521406,0.6621976480831979,1.5625e-06
0.06458415832838507,0.7415508543054704,0.9785867237687366,0.8347578347578347,0.9788326180409763,0.6922666495841707,0.9788887249579151,0.6679672255375579,0.9788547341945592,0.6766102409433058,7.8125e-07
0.07069595865080157,0.7461617720029007,0.9739471805852962,0.8290598290598291,0.973858357101513,0.6803732612095537,0.9739286819885038,0.6509737614852703,0.973876637544626,0.6617223569483592,7.8125e-07
